<?xml version="1.0" encoding="Windows-1252"?>
<!DOCTYPE POWERMART SYSTEM "powrmart.dtd">
<POWERMART CREATION_DATE="04/03/2022 05:43:00" REPOSITORY_VERSION="186.95">
<REPOSITORY NAME="Repo_Academy" VERSION="186" CODEPAGE="MS1252" DATABASETYPE="Oracle">
<FOLDER NAME="retail" GROUP="" OWNER="infouser" SHARED="NOTSHARED" DESCRIPTION="" PERMISSIONS="rwx---r--" UUID="6f82e3c3-d3a0-4910-b55a-1a4eb0ca4d0c">
    <SOURCE BUSINESSNAME ="" DATABASETYPE ="Flat File" DBDNAME ="FlatFile" DESCRIPTION ="" NAME ="Retail_Source_DATA_1" OBJECTVERSION ="1" OWNERNAME ="" VERSIONNUMBER ="1">
        <FLATFILE CODEPAGE ="MS1252" CONSECDELIMITERSASONE ="NO" DELIMITED ="YES" DELIMITERS ="," ESCAPE_CHARACTER ="" KEEPESCAPECHAR ="NO" LINESEQUENTIAL ="NO" MULTIDELIMITERSASAND ="NO" NULLCHARTYPE ="ASCII" NULL_CHARACTER ="*" PADBYTES ="1" QUOTE_CHARACTER ="DOUBLE" REPEATABLE ="NO" ROWDELIMITER ="0" SHIFTSENSITIVEDATA ="NO" SKIPROWS ="1" STRIPTRAILINGBLANKS ="NO"/>
        <TABLEATTRIBUTE NAME ="Base Table Name" VALUE =""/>
        <TABLEATTRIBUTE NAME ="Search Specification" VALUE =""/>
        <TABLEATTRIBUTE NAME ="Sort Specification" VALUE =""/>
        <TABLEATTRIBUTE NAME ="Datetime Format" VALUE ="A  19 mm/dd/yyyy hh24:mi:ss"/>
        <TABLEATTRIBUTE NAME ="Thousand Separator" VALUE ="None"/>
        <TABLEATTRIBUTE NAME ="Decimal Separator" VALUE ="."/>
        <TABLEATTRIBUTE NAME ="Add Currently Processed Flat File Name Port" VALUE ="NO"/>
        <TABLEATTRIBUTE NAME ="Source TimeStamp" VALUE =""/>
        <SOURCEFIELD BUSINESSNAME ="" DATATYPE ="number" DESCRIPTION ="" FIELDNUMBER ="1" FIELDPROPERTY ="0" FIELDTYPE ="ELEMITEM" HIDDEN ="NO" KEYTYPE ="NOT A KEY" LENGTH ="10" LEVEL ="0" NAME ="CUSTOMER_ID" NULLABLE ="NULL" OCCURS ="0" OFFSET ="0" PHYSICALLENGTH ="10" PHYSICALOFFSET ="0" PICTURETEXT ="" PRECISION ="10" SCALE ="0" USAGE_FLAGS =""/>
        <SOURCEFIELD BUSINESSNAME ="" DATATYPE ="string" DESCRIPTION ="" FIELDNUMBER ="2" FIELDPROPERTY ="0" FIELDTYPE ="ELEMITEM" HIDDEN ="NO" KEYTYPE ="NOT A KEY" LENGTH ="11" LEVEL ="0" NAME ="CUSTOMER_F_NAME" NULLABLE ="NULL" OCCURS ="0" OFFSET ="10" PHYSICALLENGTH ="11" PHYSICALOFFSET ="10" PICTURETEXT ="" PRECISION ="11" SCALE ="0" USAGE_FLAGS =""/>
        <SOURCEFIELD BUSINESSNAME ="" DATATYPE ="string" DESCRIPTION ="" FIELDNUMBER ="3" FIELDPROPERTY ="0" FIELDTYPE ="ELEMITEM" HIDDEN ="NO" KEYTYPE ="NOT A KEY" LENGTH ="16" LEVEL ="0" NAME ="CUSTOMER_L_NAME" NULLABLE ="NULL" OCCURS ="0" OFFSET ="21" PHYSICALLENGTH ="16" PHYSICALOFFSET ="21" PICTURETEXT ="" PRECISION ="16" SCALE ="0" USAGE_FLAGS =""/>
        <SOURCEFIELD BUSINESSNAME ="" DATATYPE ="string" DESCRIPTION ="" FIELDNUMBER ="4" FIELDPROPERTY ="0" FIELDTYPE ="ELEMITEM" HIDDEN ="NO" KEYTYPE ="NOT A KEY" LENGTH ="16" LEVEL ="0" NAME ="CUSTOMER_CITY" NULLABLE ="NULL" OCCURS ="0" OFFSET ="37" PHYSICALLENGTH ="16" PHYSICALOFFSET ="37" PICTURETEXT ="" PRECISION ="16" SCALE ="0" USAGE_FLAGS =""/>
        <SOURCEFIELD BUSINESSNAME ="" DATATYPE ="number" DESCRIPTION ="" FIELDNUMBER ="5" FIELDPROPERTY ="0" FIELDTYPE ="ELEMITEM" HIDDEN ="NO" KEYTYPE ="NOT A KEY" LENGTH ="6" LEVEL ="0" NAME ="CUSTOMER_ZIP" NULLABLE ="NULL" OCCURS ="0" OFFSET ="53" PHYSICALLENGTH ="6" PHYSICALOFFSET ="53" PICTURETEXT ="" PRECISION ="6" SCALE ="0" USAGE_FLAGS =""/>
        <SOURCEFIELD BUSINESSNAME ="" DATATYPE ="string" DESCRIPTION ="" FIELDNUMBER ="6" FIELDPROPERTY ="0" FIELDTYPE ="ELEMITEM" HIDDEN ="NO" KEYTYPE ="NOT A KEY" LENGTH ="20" LEVEL ="0" NAME ="COUNTRY" NULLABLE ="NULL" OCCURS ="0" OFFSET ="59" PHYSICALLENGTH ="20" PHYSICALOFFSET ="59" PICTURETEXT ="" PRECISION ="20" SCALE ="0" USAGE_FLAGS =""/>
        <SOURCEFIELD BUSINESSNAME ="" DATATYPE ="number" DESCRIPTION ="" FIELDNUMBER ="7" FIELDPROPERTY ="0" FIELDTYPE ="ELEMITEM" HIDDEN ="NO" KEYTYPE ="NOT A KEY" LENGTH ="4" LEVEL ="0" NAME ="STORE_NUMBER" NULLABLE ="NULL" OCCURS ="0" OFFSET ="79" PHYSICALLENGTH ="4" PHYSICALOFFSET ="79" PICTURETEXT ="" PRECISION ="4" SCALE ="0" USAGE_FLAGS =""/>
        <SOURCEFIELD BUSINESSNAME ="" DATATYPE ="string" DESCRIPTION ="" FIELDNUMBER ="8" FIELDPROPERTY ="0" FIELDTYPE ="ELEMITEM" HIDDEN ="NO" KEYTYPE ="NOT A KEY" LENGTH ="12" LEVEL ="0" NAME ="CUST_CONTACT_PHONE" NULLABLE ="NULL" OCCURS ="0" OFFSET ="83" PHYSICALLENGTH ="12" PHYSICALOFFSET ="83" PICTURETEXT ="" PRECISION ="12" SCALE ="0" USAGE_FLAGS =""/>
        <SOURCEFIELD BUSINESSNAME ="" DATATYPE ="string" DESCRIPTION ="" FIELDNUMBER ="9" FIELDPROPERTY ="0" FIELDTYPE ="ELEMITEM" HIDDEN ="NO" KEYTYPE ="NOT A KEY" LENGTH ="5" LEVEL ="0" NAME ="CUST_ACTIVE" NULLABLE ="NULL" OCCURS ="0" OFFSET ="95" PHYSICALLENGTH ="5" PHYSICALOFFSET ="95" PICTURETEXT ="" PRECISION ="5" SCALE ="0" USAGE_FLAGS =""/>
    </SOURCE>
    <TARGET BUSINESSNAME ="" CONSTRAINT ="" DATABASETYPE ="Oracle" DESCRIPTION ="" NAME ="RETAIL" OBJECTVERSION ="1" TABLEOPTIONS ="" VERSIONNUMBER ="1">
        <TARGETFIELD BUSINESSNAME ="" DATATYPE ="number(p,s)" DESCRIPTION ="" FIELDNUMBER ="1" KEYTYPE ="NOT A KEY" NAME ="CUSTOMER_ID" NULLABLE ="NULL" PICTURETEXT ="" PRECISION ="38" SCALE ="0"/>
        <TARGETFIELD BUSINESSNAME ="" DATATYPE ="varchar2" DESCRIPTION ="" FIELDNUMBER ="2" KEYTYPE ="NOT A KEY" NAME ="CUSTOMER_F_NAME" NULLABLE ="NULL" PICTURETEXT ="" PRECISION ="100" SCALE ="0"/>
        <TARGETFIELD BUSINESSNAME ="" DATATYPE ="varchar2" DESCRIPTION ="" FIELDNUMBER ="3" KEYTYPE ="NOT A KEY" NAME ="CUSTOMER_L_NAME" NULLABLE ="NULL" PICTURETEXT ="" PRECISION ="100" SCALE ="0"/>
        <TARGETFIELD BUSINESSNAME ="" DATATYPE ="varchar2" DESCRIPTION ="" FIELDNUMBER ="4" KEYTYPE ="NOT A KEY" NAME ="CUSTOMER_CITY" NULLABLE ="NULL" PICTURETEXT ="" PRECISION ="100" SCALE ="0"/>
        <TARGETFIELD BUSINESSNAME ="" DATATYPE ="varchar2" DESCRIPTION ="" FIELDNUMBER ="5" KEYTYPE ="NOT A KEY" NAME ="CUSTOMER_ZIP" NULLABLE ="NULL" PICTURETEXT ="" PRECISION ="100" SCALE ="0"/>
        <TARGETFIELD BUSINESSNAME ="" DATATYPE ="varchar2" DESCRIPTION ="" FIELDNUMBER ="6" KEYTYPE ="NOT A KEY" NAME ="COUNTRY" NULLABLE ="NULL" PICTURETEXT ="" PRECISION ="100" SCALE ="0"/>
        <TARGETFIELD BUSINESSNAME ="" DATATYPE ="varchar2" DESCRIPTION ="" FIELDNUMBER ="7" KEYTYPE ="NOT A KEY" NAME ="STORE_NUMBER" NULLABLE ="NULL" PICTURETEXT ="" PRECISION ="100" SCALE ="0"/>
        <TARGETFIELD BUSINESSNAME ="" DATATYPE ="varchar2" DESCRIPTION ="" FIELDNUMBER ="8" KEYTYPE ="NOT A KEY" NAME ="CUST_CONTACT_PHONE" NULLABLE ="NULL" PICTURETEXT ="" PRECISION ="50" SCALE ="0"/>
        <TARGETFIELD BUSINESSNAME ="" DATATYPE ="varchar2" DESCRIPTION ="" FIELDNUMBER ="9" KEYTYPE ="NOT A KEY" NAME ="CUST_ACTIVE" NULLABLE ="NULL" PICTURETEXT ="" PRECISION ="100" SCALE ="0"/>
    </TARGET>
    <MAPPING DESCRIPTION ="" ISVALID ="YES" NAME ="M_retail_table" OBJECTVERSION ="1" VERSIONNUMBER ="1">
        <TRANSFORMATION DESCRIPTION ="" NAME ="SQ_Retail_Source_DATA_1" OBJECTVERSION ="1" REUSABLE ="NO" TYPE ="Source Qualifier" VERSIONNUMBER ="1">
            <TRANSFORMFIELD DATATYPE ="decimal" DEFAULTVALUE ="" DESCRIPTION ="" NAME ="CUSTOMER_ID" PICTURETEXT ="" PORTTYPE ="INPUT/OUTPUT" PRECISION ="10" SCALE ="0"/>
            <TRANSFORMFIELD DATATYPE ="string" DEFAULTVALUE ="" DESCRIPTION ="" NAME ="CUSTOMER_F_NAME" PICTURETEXT ="" PORTTYPE ="INPUT/OUTPUT" PRECISION ="11" SCALE ="0"/>
            <TRANSFORMFIELD DATATYPE ="string" DEFAULTVALUE ="" DESCRIPTION ="" NAME ="CUSTOMER_L_NAME" PICTURETEXT ="" PORTTYPE ="INPUT/OUTPUT" PRECISION ="16" SCALE ="0"/>
            <TRANSFORMFIELD DATATYPE ="string" DEFAULTVALUE ="" DESCRIPTION ="" NAME ="CUSTOMER_CITY" PICTURETEXT ="" PORTTYPE ="INPUT/OUTPUT" PRECISION ="16" SCALE ="0"/>
            <TRANSFORMFIELD DATATYPE ="decimal" DEFAULTVALUE ="" DESCRIPTION ="" NAME ="CUSTOMER_ZIP" PICTURETEXT ="" PORTTYPE ="INPUT/OUTPUT" PRECISION ="6" SCALE ="0"/>
            <TRANSFORMFIELD DATATYPE ="string" DEFAULTVALUE ="" DESCRIPTION ="" NAME ="COUNTRY" PICTURETEXT ="" PORTTYPE ="INPUT/OUTPUT" PRECISION ="20" SCALE ="0"/>
            <TRANSFORMFIELD DATATYPE ="decimal" DEFAULTVALUE ="" DESCRIPTION ="" NAME ="STORE_NUMBER" PICTURETEXT ="" PORTTYPE ="INPUT/OUTPUT" PRECISION ="4" SCALE ="0"/>
            <TRANSFORMFIELD DATATYPE ="string" DEFAULTVALUE ="" DESCRIPTION ="" NAME ="CUST_CONTACT_PHONE" PICTURETEXT ="" PORTTYPE ="INPUT/OUTPUT" PRECISION ="12" SCALE ="0"/>
            <TRANSFORMFIELD DATATYPE ="string" DEFAULTVALUE ="" DESCRIPTION ="" NAME ="CUST_ACTIVE" PICTURETEXT ="" PORTTYPE ="INPUT/OUTPUT" PRECISION ="5" SCALE ="0"/>
            <TABLEATTRIBUTE NAME ="Sql Query" VALUE =""/>
            <TABLEATTRIBUTE NAME ="User Defined Join" VALUE =""/>
            <TABLEATTRIBUTE NAME ="Source Filter" VALUE =""/>
            <TABLEATTRIBUTE NAME ="Number Of Sorted Ports" VALUE ="0"/>
            <TABLEATTRIBUTE NAME ="Tracing Level" VALUE ="Normal"/>
            <TABLEATTRIBUTE NAME ="Select Distinct" VALUE ="NO"/>
            <TABLEATTRIBUTE NAME ="Is Partitionable" VALUE ="NO"/>
            <TABLEATTRIBUTE NAME ="Pre SQL" VALUE =""/>
            <TABLEATTRIBUTE NAME ="Post SQL" VALUE =""/>
            <TABLEATTRIBUTE NAME ="Output is deterministic" VALUE ="NO"/>
            <TABLEATTRIBUTE NAME ="Output is repeatable" VALUE ="Never"/>
        </TRANSFORMATION>
        <INSTANCE DESCRIPTION ="" NAME ="RETAIL" TRANSFORMATION_NAME ="RETAIL" TRANSFORMATION_TYPE ="Target Definition" TYPE ="TARGET"/>
        <INSTANCE DBDNAME ="FlatFile" DESCRIPTION ="" NAME ="Retail_Source_DATA_1" TRANSFORMATION_NAME ="Retail_Source_DATA_1" TRANSFORMATION_TYPE ="Source Definition" TYPE ="SOURCE"/>
        <INSTANCE DESCRIPTION ="" NAME ="SQ_Retail_Source_DATA_1" REUSABLE ="NO" TRANSFORMATION_NAME ="SQ_Retail_Source_DATA_1" TRANSFORMATION_TYPE ="Source Qualifier" TYPE ="TRANSFORMATION">
            <ASSOCIATED_SOURCE_INSTANCE NAME ="Retail_Source_DATA_1"/>
        </INSTANCE>
        <CONNECTOR FROMFIELD ="CUSTOMER_ID" FROMINSTANCE ="SQ_Retail_Source_DATA_1" FROMINSTANCETYPE ="Source Qualifier" TOFIELD ="CUSTOMER_ID" TOINSTANCE ="RETAIL" TOINSTANCETYPE ="Target Definition"/>
        <CONNECTOR FROMFIELD ="CUSTOMER_F_NAME" FROMINSTANCE ="SQ_Retail_Source_DATA_1" FROMINSTANCETYPE ="Source Qualifier" TOFIELD ="CUSTOMER_F_NAME" TOINSTANCE ="RETAIL" TOINSTANCETYPE ="Target Definition"/>
        <CONNECTOR FROMFIELD ="CUSTOMER_L_NAME" FROMINSTANCE ="SQ_Retail_Source_DATA_1" FROMINSTANCETYPE ="Source Qualifier" TOFIELD ="CUSTOMER_L_NAME" TOINSTANCE ="RETAIL" TOINSTANCETYPE ="Target Definition"/>
        <CONNECTOR FROMFIELD ="CUSTOMER_CITY" FROMINSTANCE ="SQ_Retail_Source_DATA_1" FROMINSTANCETYPE ="Source Qualifier" TOFIELD ="CUSTOMER_CITY" TOINSTANCE ="RETAIL" TOINSTANCETYPE ="Target Definition"/>
        <CONNECTOR FROMFIELD ="CUSTOMER_ZIP" FROMINSTANCE ="SQ_Retail_Source_DATA_1" FROMINSTANCETYPE ="Source Qualifier" TOFIELD ="CUSTOMER_ZIP" TOINSTANCE ="RETAIL" TOINSTANCETYPE ="Target Definition"/>
        <CONNECTOR FROMFIELD ="COUNTRY" FROMINSTANCE ="SQ_Retail_Source_DATA_1" FROMINSTANCETYPE ="Source Qualifier" TOFIELD ="COUNTRY" TOINSTANCE ="RETAIL" TOINSTANCETYPE ="Target Definition"/>
        <CONNECTOR FROMFIELD ="STORE_NUMBER" FROMINSTANCE ="SQ_Retail_Source_DATA_1" FROMINSTANCETYPE ="Source Qualifier" TOFIELD ="STORE_NUMBER" TOINSTANCE ="RETAIL" TOINSTANCETYPE ="Target Definition"/>
        <CONNECTOR FROMFIELD ="CUST_CONTACT_PHONE" FROMINSTANCE ="SQ_Retail_Source_DATA_1" FROMINSTANCETYPE ="Source Qualifier" TOFIELD ="CUST_CONTACT_PHONE" TOINSTANCE ="RETAIL" TOINSTANCETYPE ="Target Definition"/>
        <CONNECTOR FROMFIELD ="CUST_ACTIVE" FROMINSTANCE ="SQ_Retail_Source_DATA_1" FROMINSTANCETYPE ="Source Qualifier" TOFIELD ="CUST_ACTIVE" TOINSTANCE ="RETAIL" TOINSTANCETYPE ="Target Definition"/>
        <CONNECTOR FROMFIELD ="CUSTOMER_ID" FROMINSTANCE ="Retail_Source_DATA_1" FROMINSTANCETYPE ="Source Definition" TOFIELD ="CUSTOMER_ID" TOINSTANCE ="SQ_Retail_Source_DATA_1" TOINSTANCETYPE ="Source Qualifier"/>
        <CONNECTOR FROMFIELD ="CUSTOMER_F_NAME" FROMINSTANCE ="Retail_Source_DATA_1" FROMINSTANCETYPE ="Source Definition" TOFIELD ="CUSTOMER_F_NAME" TOINSTANCE ="SQ_Retail_Source_DATA_1" TOINSTANCETYPE ="Source Qualifier"/>
        <CONNECTOR FROMFIELD ="CUSTOMER_L_NAME" FROMINSTANCE ="Retail_Source_DATA_1" FROMINSTANCETYPE ="Source Definition" TOFIELD ="CUSTOMER_L_NAME" TOINSTANCE ="SQ_Retail_Source_DATA_1" TOINSTANCETYPE ="Source Qualifier"/>
        <CONNECTOR FROMFIELD ="CUSTOMER_CITY" FROMINSTANCE ="Retail_Source_DATA_1" FROMINSTANCETYPE ="Source Definition" TOFIELD ="CUSTOMER_CITY" TOINSTANCE ="SQ_Retail_Source_DATA_1" TOINSTANCETYPE ="Source Qualifier"/>
        <CONNECTOR FROMFIELD ="CUSTOMER_ZIP" FROMINSTANCE ="Retail_Source_DATA_1" FROMINSTANCETYPE ="Source Definition" TOFIELD ="CUSTOMER_ZIP" TOINSTANCE ="SQ_Retail_Source_DATA_1" TOINSTANCETYPE ="Source Qualifier"/>
        <CONNECTOR FROMFIELD ="COUNTRY" FROMINSTANCE ="Retail_Source_DATA_1" FROMINSTANCETYPE ="Source Definition" TOFIELD ="COUNTRY" TOINSTANCE ="SQ_Retail_Source_DATA_1" TOINSTANCETYPE ="Source Qualifier"/>
        <CONNECTOR FROMFIELD ="STORE_NUMBER" FROMINSTANCE ="Retail_Source_DATA_1" FROMINSTANCETYPE ="Source Definition" TOFIELD ="STORE_NUMBER" TOINSTANCE ="SQ_Retail_Source_DATA_1" TOINSTANCETYPE ="Source Qualifier"/>
        <CONNECTOR FROMFIELD ="CUST_CONTACT_PHONE" FROMINSTANCE ="Retail_Source_DATA_1" FROMINSTANCETYPE ="Source Definition" TOFIELD ="CUST_CONTACT_PHONE" TOINSTANCE ="SQ_Retail_Source_DATA_1" TOINSTANCETYPE ="Source Qualifier"/>
        <CONNECTOR FROMFIELD ="CUST_ACTIVE" FROMINSTANCE ="Retail_Source_DATA_1" FROMINSTANCETYPE ="Source Definition" TOFIELD ="CUST_ACTIVE" TOINSTANCE ="SQ_Retail_Source_DATA_1" TOINSTANCETYPE ="Source Qualifier"/>
        <TARGETLOADORDER ORDER ="1" TARGETINSTANCE ="RETAIL"/>
        <ERPINFO/>
    </MAPPING>
</FOLDER>
</REPOSITORY>
</POWERMART>