<?xml version="1.0" encoding="Windows-1252"?>
<!DOCTYPE POWERMART SYSTEM "powrmart.dtd">
<POWERMART CREATION_DATE="04/03/2022 05:41:00" REPOSITORY_VERSION="186.95">
<REPOSITORY NAME="Repo_Academy" VERSION="186" CODEPAGE="MS1252" DATABASETYPE="Oracle">
<FOLDER NAME="retail" GROUP="" OWNER="infouser" SHARED="NOTSHARED" DESCRIPTION="" PERMISSIONS="rwx---r--" UUID="6f82e3c3-d3a0-4910-b55a-1a4eb0ca4d0c">
    <SOURCE BUSINESSNAME ="" DATABASETYPE ="Flat File" DBDNAME ="FlatFile" DESCRIPTION ="" NAME ="Retail_Source_DATA_1" OBJECTVERSION ="1" OWNERNAME ="" VERSIONNUMBER ="1">
        <FLATFILE CODEPAGE ="MS1252" CONSECDELIMITERSASONE ="NO" DELIMITED ="YES" DELIMITERS ="," ESCAPE_CHARACTER ="" KEEPESCAPECHAR ="NO" LINESEQUENTIAL ="NO" MULTIDELIMITERSASAND ="NO" NULLCHARTYPE ="ASCII" NULL_CHARACTER ="*" PADBYTES ="1" QUOTE_CHARACTER ="DOUBLE" REPEATABLE ="NO" ROWDELIMITER ="0" SHIFTSENSITIVEDATA ="NO" SKIPROWS ="1" STRIPTRAILINGBLANKS ="NO"/>
        <TABLEATTRIBUTE NAME ="Base Table Name" VALUE =""/>
        <TABLEATTRIBUTE NAME ="Search Specification" VALUE =""/>
        <TABLEATTRIBUTE NAME ="Sort Specification" VALUE =""/>
        <TABLEATTRIBUTE NAME ="Datetime Format" VALUE ="A  19 mm/dd/yyyy hh24:mi:ss"/>
        <TABLEATTRIBUTE NAME ="Thousand Separator" VALUE ="None"/>
        <TABLEATTRIBUTE NAME ="Decimal Separator" VALUE ="."/>
        <TABLEATTRIBUTE NAME ="Add Currently Processed Flat File Name Port" VALUE ="NO"/>
        <TABLEATTRIBUTE NAME ="Source TimeStamp" VALUE =""/>
        <SOURCEFIELD BUSINESSNAME ="" DATATYPE ="number" DESCRIPTION ="" FIELDNUMBER ="1" FIELDPROPERTY ="0" FIELDTYPE ="ELEMITEM" HIDDEN ="NO" KEYTYPE ="NOT A KEY" LENGTH ="10" LEVEL ="0" NAME ="CUSTOMER_ID" NULLABLE ="NULL" OCCURS ="0" OFFSET ="0" PHYSICALLENGTH ="10" PHYSICALOFFSET ="0" PICTURETEXT ="" PRECISION ="10" SCALE ="0" USAGE_FLAGS =""/>
        <SOURCEFIELD BUSINESSNAME ="" DATATYPE ="string" DESCRIPTION ="" FIELDNUMBER ="2" FIELDPROPERTY ="0" FIELDTYPE ="ELEMITEM" HIDDEN ="NO" KEYTYPE ="NOT A KEY" LENGTH ="11" LEVEL ="0" NAME ="CUSTOMER_F_NAME" NULLABLE ="NULL" OCCURS ="0" OFFSET ="10" PHYSICALLENGTH ="11" PHYSICALOFFSET ="10" PICTURETEXT ="" PRECISION ="11" SCALE ="0" USAGE_FLAGS =""/>
        <SOURCEFIELD BUSINESSNAME ="" DATATYPE ="string" DESCRIPTION ="" FIELDNUMBER ="3" FIELDPROPERTY ="0" FIELDTYPE ="ELEMITEM" HIDDEN ="NO" KEYTYPE ="NOT A KEY" LENGTH ="16" LEVEL ="0" NAME ="CUSTOMER_L_NAME" NULLABLE ="NULL" OCCURS ="0" OFFSET ="21" PHYSICALLENGTH ="16" PHYSICALOFFSET ="21" PICTURETEXT ="" PRECISION ="16" SCALE ="0" USAGE_FLAGS =""/>
        <SOURCEFIELD BUSINESSNAME ="" DATATYPE ="string" DESCRIPTION ="" FIELDNUMBER ="4" FIELDPROPERTY ="0" FIELDTYPE ="ELEMITEM" HIDDEN ="NO" KEYTYPE ="NOT A KEY" LENGTH ="16" LEVEL ="0" NAME ="CUSTOMER_CITY" NULLABLE ="NULL" OCCURS ="0" OFFSET ="37" PHYSICALLENGTH ="16" PHYSICALOFFSET ="37" PICTURETEXT ="" PRECISION ="16" SCALE ="0" USAGE_FLAGS =""/>
        <SOURCEFIELD BUSINESSNAME ="" DATATYPE ="number" DESCRIPTION ="" FIELDNUMBER ="5" FIELDPROPERTY ="0" FIELDTYPE ="ELEMITEM" HIDDEN ="NO" KEYTYPE ="NOT A KEY" LENGTH ="6" LEVEL ="0" NAME ="CUSTOMER_ZIP" NULLABLE ="NULL" OCCURS ="0" OFFSET ="53" PHYSICALLENGTH ="6" PHYSICALOFFSET ="53" PICTURETEXT ="" PRECISION ="6" SCALE ="0" USAGE_FLAGS =""/>
        <SOURCEFIELD BUSINESSNAME ="" DATATYPE ="string" DESCRIPTION ="" FIELDNUMBER ="6" FIELDPROPERTY ="0" FIELDTYPE ="ELEMITEM" HIDDEN ="NO" KEYTYPE ="NOT A KEY" LENGTH ="20" LEVEL ="0" NAME ="COUNTRY" NULLABLE ="NULL" OCCURS ="0" OFFSET ="59" PHYSICALLENGTH ="20" PHYSICALOFFSET ="59" PICTURETEXT ="" PRECISION ="20" SCALE ="0" USAGE_FLAGS =""/>
        <SOURCEFIELD BUSINESSNAME ="" DATATYPE ="number" DESCRIPTION ="" FIELDNUMBER ="7" FIELDPROPERTY ="0" FIELDTYPE ="ELEMITEM" HIDDEN ="NO" KEYTYPE ="NOT A KEY" LENGTH ="4" LEVEL ="0" NAME ="STORE_NUMBER" NULLABLE ="NULL" OCCURS ="0" OFFSET ="79" PHYSICALLENGTH ="4" PHYSICALOFFSET ="79" PICTURETEXT ="" PRECISION ="4" SCALE ="0" USAGE_FLAGS =""/>
        <SOURCEFIELD BUSINESSNAME ="" DATATYPE ="string" DESCRIPTION ="" FIELDNUMBER ="8" FIELDPROPERTY ="0" FIELDTYPE ="ELEMITEM" HIDDEN ="NO" KEYTYPE ="NOT A KEY" LENGTH ="12" LEVEL ="0" NAME ="CUST_CONTACT_PHONE" NULLABLE ="NULL" OCCURS ="0" OFFSET ="83" PHYSICALLENGTH ="12" PHYSICALOFFSET ="83" PICTURETEXT ="" PRECISION ="12" SCALE ="0" USAGE_FLAGS =""/>
        <SOURCEFIELD BUSINESSNAME ="" DATATYPE ="string" DESCRIPTION ="" FIELDNUMBER ="9" FIELDPROPERTY ="0" FIELDTYPE ="ELEMITEM" HIDDEN ="NO" KEYTYPE ="NOT A KEY" LENGTH ="5" LEVEL ="0" NAME ="CUST_ACTIVE" NULLABLE ="NULL" OCCURS ="0" OFFSET ="95" PHYSICALLENGTH ="5" PHYSICALOFFSET ="95" PICTURETEXT ="" PRECISION ="5" SCALE ="0" USAGE_FLAGS =""/>
    </SOURCE>
    <TARGET BUSINESSNAME ="" CONSTRAINT ="" DATABASETYPE ="Flat File" DESCRIPTION ="" NAME ="RETAIL_CUST_INACTIVE" OBJECTVERSION ="1" TABLEOPTIONS ="" VERSIONNUMBER ="1">
        <FLATFILE CODEPAGE ="MS1252" CONSECDELIMITERSASONE ="NO" DELIMITED ="YES" DELIMITERS ="&#x5c;011" ESCAPE_CHARACTER ="" KEEPESCAPECHAR ="NO" LINESEQUENTIAL ="NO" MULTIDELIMITERSASAND ="NO" NULLCHARTYPE ="ASCII" NULL_CHARACTER ="*" PADBYTES ="1" QUOTE_CHARACTER ="DOUBLE" REPEATABLE ="NO" ROWDELIMITER ="0" SKIPROWS ="0" STRIPTRAILINGBLANKS ="NO"/>
        <TARGETFIELD BUSINESSNAME ="" DATATYPE ="number" DESCRIPTION ="" FIELDNUMBER ="1" KEYTYPE ="NOT A KEY" NAME ="CUSTOMER_ID" NULLABLE ="NULL" PICTURETEXT ="" PRECISION ="10" SCALE ="0"/>
        <TARGETFIELD BUSINESSNAME ="" DATATYPE ="string" DESCRIPTION ="" FIELDNUMBER ="2" KEYTYPE ="NOT A KEY" NAME ="CUSTOMER_F_NAME" NULLABLE ="NULL" PICTURETEXT ="" PRECISION ="11" SCALE ="0"/>
        <TARGETFIELD BUSINESSNAME ="" DATATYPE ="string" DESCRIPTION ="" FIELDNUMBER ="3" KEYTYPE ="NOT A KEY" NAME ="CUSTOMER_L_NAME" NULLABLE ="NULL" PICTURETEXT ="" PRECISION ="16" SCALE ="0"/>
        <TARGETFIELD BUSINESSNAME ="" DATATYPE ="string" DESCRIPTION ="" FIELDNUMBER ="4" KEYTYPE ="NOT A KEY" NAME ="CUSTOMER_CITY" NULLABLE ="NULL" PICTURETEXT ="" PRECISION ="16" SCALE ="0"/>
        <TARGETFIELD BUSINESSNAME ="" DATATYPE ="number" DESCRIPTION ="" FIELDNUMBER ="5" KEYTYPE ="NOT A KEY" NAME ="CUSTOMER_ZIP" NULLABLE ="NULL" PICTURETEXT ="" PRECISION ="6" SCALE ="0"/>
        <TARGETFIELD BUSINESSNAME ="" DATATYPE ="string" DESCRIPTION ="" FIELDNUMBER ="6" KEYTYPE ="NOT A KEY" NAME ="COUNTRY" NULLABLE ="NULL" PICTURETEXT ="" PRECISION ="20" SCALE ="0"/>
        <TARGETFIELD BUSINESSNAME ="" DATATYPE ="number" DESCRIPTION ="" FIELDNUMBER ="7" KEYTYPE ="NOT A KEY" NAME ="STORE_NUMBER" NULLABLE ="NULL" PICTURETEXT ="" PRECISION ="4" SCALE ="0"/>
        <TARGETFIELD BUSINESSNAME ="" DATATYPE ="string" DESCRIPTION ="" FIELDNUMBER ="8" KEYTYPE ="NOT A KEY" NAME ="CUST_CONTACT_PHONE" NULLABLE ="NULL" PICTURETEXT ="" PRECISION ="12" SCALE ="0"/>
        <TARGETFIELD BUSINESSNAME ="" DATATYPE ="string" DESCRIPTION ="" FIELDNUMBER ="9" KEYTYPE ="NOT A KEY" NAME ="CUST_ACTIVE" NULLABLE ="NULL" PICTURETEXT ="" PRECISION ="5" SCALE ="0"/>
        <TABLEATTRIBUTE NAME ="Datetime Format" VALUE ="A  19 mm/dd/yyyy hh24:mi:ss"/>
        <TABLEATTRIBUTE NAME ="Thousand Separator" VALUE ="None"/>
        <TABLEATTRIBUTE NAME ="Decimal Separator" VALUE ="."/>
        <TABLEATTRIBUTE NAME ="Line Endings" VALUE ="System default"/>
    </TARGET>
    <TARGET BUSINESSNAME ="" CONSTRAINT ="" DATABASETYPE ="Flat File" DESCRIPTION ="" NAME ="RETAIL_CUST_ACTIVE" OBJECTVERSION ="1" TABLEOPTIONS ="" VERSIONNUMBER ="1">
        <FLATFILE CODEPAGE ="MS1252" CONSECDELIMITERSASONE ="NO" DELIMITED ="YES" DELIMITERS ="&#x5c;011" ESCAPE_CHARACTER ="" KEEPESCAPECHAR ="NO" LINESEQUENTIAL ="NO" MULTIDELIMITERSASAND ="NO" NULLCHARTYPE ="ASCII" NULL_CHARACTER ="*" PADBYTES ="1" QUOTE_CHARACTER ="DOUBLE" REPEATABLE ="NO" ROWDELIMITER ="0" SKIPROWS ="0" STRIPTRAILINGBLANKS ="NO"/>
        <TARGETFIELD BUSINESSNAME ="" DATATYPE ="number" DESCRIPTION ="" FIELDNUMBER ="1" KEYTYPE ="NOT A KEY" NAME ="CUSTOMER_ID" NULLABLE ="NULL" PICTURETEXT ="" PRECISION ="10" SCALE ="0"/>
        <TARGETFIELD BUSINESSNAME ="" DATATYPE ="string" DESCRIPTION ="" FIELDNUMBER ="2" KEYTYPE ="NOT A KEY" NAME ="CUSTOMER_F_NAME" NULLABLE ="NULL" PICTURETEXT ="" PRECISION ="11" SCALE ="0"/>
        <TARGETFIELD BUSINESSNAME ="" DATATYPE ="string" DESCRIPTION ="" FIELDNUMBER ="3" KEYTYPE ="NOT A KEY" NAME ="CUSTOMER_L_NAME" NULLABLE ="NULL" PICTURETEXT ="" PRECISION ="16" SCALE ="0"/>
        <TARGETFIELD BUSINESSNAME ="" DATATYPE ="string" DESCRIPTION ="" FIELDNUMBER ="4" KEYTYPE ="NOT A KEY" NAME ="CUSTOMER_CITY" NULLABLE ="NULL" PICTURETEXT ="" PRECISION ="16" SCALE ="0"/>
        <TARGETFIELD BUSINESSNAME ="" DATATYPE ="number" DESCRIPTION ="" FIELDNUMBER ="5" KEYTYPE ="NOT A KEY" NAME ="CUSTOMER_ZIP" NULLABLE ="NULL" PICTURETEXT ="" PRECISION ="6" SCALE ="0"/>
        <TARGETFIELD BUSINESSNAME ="" DATATYPE ="string" DESCRIPTION ="" FIELDNUMBER ="6" KEYTYPE ="NOT A KEY" NAME ="COUNTRY" NULLABLE ="NULL" PICTURETEXT ="" PRECISION ="20" SCALE ="0"/>
        <TARGETFIELD BUSINESSNAME ="" DATATYPE ="number" DESCRIPTION ="" FIELDNUMBER ="7" KEYTYPE ="NOT A KEY" NAME ="STORE_NUMBER" NULLABLE ="NULL" PICTURETEXT ="" PRECISION ="4" SCALE ="0"/>
        <TARGETFIELD BUSINESSNAME ="" DATATYPE ="string" DESCRIPTION ="" FIELDNUMBER ="8" KEYTYPE ="NOT A KEY" NAME ="CUST_CONTACT_PHONE" NULLABLE ="NULL" PICTURETEXT ="" PRECISION ="12" SCALE ="0"/>
        <TARGETFIELD BUSINESSNAME ="" DATATYPE ="string" DESCRIPTION ="" FIELDNUMBER ="9" KEYTYPE ="NOT A KEY" NAME ="CUST_ACTIVE" NULLABLE ="NULL" PICTURETEXT ="" PRECISION ="5" SCALE ="0"/>
        <TABLEATTRIBUTE NAME ="Datetime Format" VALUE ="A  19 mm/dd/yyyy hh24:mi:ss"/>
        <TABLEATTRIBUTE NAME ="Thousand Separator" VALUE ="None"/>
        <TABLEATTRIBUTE NAME ="Decimal Separator" VALUE ="."/>
        <TABLEATTRIBUTE NAME ="Line Endings" VALUE ="System default"/>
    </TARGET>
    <MAPPING DESCRIPTION ="" ISVALID ="YES" NAME ="m_exercise" OBJECTVERSION ="1" VERSIONNUMBER ="1">
        <TRANSFORMATION DESCRIPTION ="" NAME ="SQ_Retail_Source_DATA_1" OBJECTVERSION ="1" REUSABLE ="NO" TYPE ="Source Qualifier" VERSIONNUMBER ="1">
            <TRANSFORMFIELD DATATYPE ="decimal" DEFAULTVALUE ="" DESCRIPTION ="" NAME ="CUSTOMER_ID" PICTURETEXT ="" PORTTYPE ="INPUT/OUTPUT" PRECISION ="10" SCALE ="0"/>
            <TRANSFORMFIELD DATATYPE ="string" DEFAULTVALUE ="" DESCRIPTION ="" NAME ="CUSTOMER_F_NAME" PICTURETEXT ="" PORTTYPE ="INPUT/OUTPUT" PRECISION ="11" SCALE ="0"/>
            <TRANSFORMFIELD DATATYPE ="string" DEFAULTVALUE ="" DESCRIPTION ="" NAME ="CUSTOMER_L_NAME" PICTURETEXT ="" PORTTYPE ="INPUT/OUTPUT" PRECISION ="16" SCALE ="0"/>
            <TRANSFORMFIELD DATATYPE ="string" DEFAULTVALUE ="" DESCRIPTION ="" NAME ="CUSTOMER_CITY" PICTURETEXT ="" PORTTYPE ="INPUT/OUTPUT" PRECISION ="16" SCALE ="0"/>
            <TRANSFORMFIELD DATATYPE ="decimal" DEFAULTVALUE ="" DESCRIPTION ="" NAME ="CUSTOMER_ZIP" PICTURETEXT ="" PORTTYPE ="INPUT/OUTPUT" PRECISION ="6" SCALE ="0"/>
            <TRANSFORMFIELD DATATYPE ="string" DEFAULTVALUE ="" DESCRIPTION ="" NAME ="COUNTRY" PICTURETEXT ="" PORTTYPE ="INPUT/OUTPUT" PRECISION ="20" SCALE ="0"/>
            <TRANSFORMFIELD DATATYPE ="decimal" DEFAULTVALUE ="" DESCRIPTION ="" NAME ="STORE_NUMBER" PICTURETEXT ="" PORTTYPE ="INPUT/OUTPUT" PRECISION ="4" SCALE ="0"/>
            <TRANSFORMFIELD DATATYPE ="string" DEFAULTVALUE ="" DESCRIPTION ="" NAME ="CUST_CONTACT_PHONE" PICTURETEXT ="" PORTTYPE ="INPUT/OUTPUT" PRECISION ="12" SCALE ="0"/>
            <TRANSFORMFIELD DATATYPE ="string" DEFAULTVALUE ="" DESCRIPTION ="" NAME ="CUST_ACTIVE" PICTURETEXT ="" PORTTYPE ="INPUT/OUTPUT" PRECISION ="5" SCALE ="0"/>
            <TABLEATTRIBUTE NAME ="Sql Query" VALUE =""/>
            <TABLEATTRIBUTE NAME ="User Defined Join" VALUE =""/>
            <TABLEATTRIBUTE NAME ="Source Filter" VALUE =""/>
            <TABLEATTRIBUTE NAME ="Number Of Sorted Ports" VALUE ="0"/>
            <TABLEATTRIBUTE NAME ="Tracing Level" VALUE ="Normal"/>
            <TABLEATTRIBUTE NAME ="Select Distinct" VALUE ="NO"/>
            <TABLEATTRIBUTE NAME ="Is Partitionable" VALUE ="NO"/>
            <TABLEATTRIBUTE NAME ="Pre SQL" VALUE =""/>
            <TABLEATTRIBUTE NAME ="Post SQL" VALUE =""/>
            <TABLEATTRIBUTE NAME ="Output is deterministic" VALUE ="NO"/>
            <TABLEATTRIBUTE NAME ="Output is repeatable" VALUE ="Never"/>
        </TRANSFORMATION>
        <TRANSFORMATION DESCRIPTION ="" NAME ="RTRTRANS" OBJECTVERSION ="1" REUSABLE ="NO" TYPE ="Router" VERSIONNUMBER ="1">
            <GROUP DESCRIPTION ="" NAME ="INPUT" ORDER ="1" TYPE ="INPUT"/>
            <GROUP DESCRIPTION ="" EXPRESSION ="CUST_ACTIVE = &apos;TRUE&apos;" NAME ="NEWGROUP1" ORDER ="2" TYPE ="OUTPUT"/>
            <GROUP DESCRIPTION ="Path for the data when none of the group conditions are satisfied." NAME ="DEFAULT1" ORDER ="4" TYPE ="OUTPUT/DEFAULT"/>
            <GROUP DESCRIPTION ="" EXPRESSION ="CUST_ACTIVE = &apos;FALSE&apos;" NAME ="NEWGROUP2" ORDER ="3" TYPE ="OUTPUT"/>
            <TRANSFORMFIELD DATATYPE ="decimal" DEFAULTVALUE ="" DESCRIPTION ="" GROUP ="INPUT" NAME ="CUSTOMER_ID" PICTURETEXT ="" PORTTYPE ="INPUT" PRECISION ="10" SCALE ="0"/>
            <TRANSFORMFIELD DATATYPE ="string" DEFAULTVALUE ="" DESCRIPTION ="" GROUP ="INPUT" NAME ="CUSTOMER_F_NAME" PICTURETEXT ="" PORTTYPE ="INPUT" PRECISION ="11" SCALE ="0"/>
            <TRANSFORMFIELD DATATYPE ="string" DEFAULTVALUE ="" DESCRIPTION ="" GROUP ="INPUT" NAME ="CUSTOMER_L_NAME" PICTURETEXT ="" PORTTYPE ="INPUT" PRECISION ="16" SCALE ="0"/>
            <TRANSFORMFIELD DATATYPE ="string" DEFAULTVALUE ="" DESCRIPTION ="" GROUP ="INPUT" NAME ="CUSTOMER_CITY" PICTURETEXT ="" PORTTYPE ="INPUT" PRECISION ="16" SCALE ="0"/>
            <TRANSFORMFIELD DATATYPE ="decimal" DEFAULTVALUE ="" DESCRIPTION ="" GROUP ="INPUT" NAME ="CUSTOMER_ZIP" PICTURETEXT ="" PORTTYPE ="INPUT" PRECISION ="6" SCALE ="0"/>
            <TRANSFORMFIELD DATATYPE ="string" DEFAULTVALUE ="" DESCRIPTION ="" GROUP ="INPUT" NAME ="COUNTRY" PICTURETEXT ="" PORTTYPE ="INPUT" PRECISION ="20" SCALE ="0"/>
            <TRANSFORMFIELD DATATYPE ="decimal" DEFAULTVALUE ="" DESCRIPTION ="" GROUP ="INPUT" NAME ="STORE_NUMBER" PICTURETEXT ="" PORTTYPE ="INPUT" PRECISION ="4" SCALE ="0"/>
            <TRANSFORMFIELD DATATYPE ="string" DEFAULTVALUE ="" DESCRIPTION ="" GROUP ="INPUT" NAME ="CUST_CONTACT_PHONE" PICTURETEXT ="" PORTTYPE ="INPUT" PRECISION ="12" SCALE ="0"/>
            <TRANSFORMFIELD DATATYPE ="string" DEFAULTVALUE ="" DESCRIPTION ="" GROUP ="INPUT" NAME ="CUST_ACTIVE" PICTURETEXT ="" PORTTYPE ="INPUT" PRECISION ="5" SCALE ="0"/>
            <TRANSFORMFIELD DATATYPE ="decimal" DEFAULTVALUE ="" DESCRIPTION ="" GROUP ="NEWGROUP1" NAME ="CUSTOMER_ID1" PICTURETEXT ="" PORTTYPE ="OUTPUT" PRECISION ="10" REF_FIELD ="CUSTOMER_ID" SCALE ="0"/>
            <TRANSFORMFIELD DATATYPE ="string" DEFAULTVALUE ="" DESCRIPTION ="" GROUP ="NEWGROUP1" NAME ="CUSTOMER_F_NAME1" PICTURETEXT ="" PORTTYPE ="OUTPUT" PRECISION ="11" REF_FIELD ="CUSTOMER_F_NAME" SCALE ="0"/>
            <TRANSFORMFIELD DATATYPE ="string" DEFAULTVALUE ="" DESCRIPTION ="" GROUP ="NEWGROUP1" NAME ="CUSTOMER_L_NAME1" PICTURETEXT ="" PORTTYPE ="OUTPUT" PRECISION ="16" REF_FIELD ="CUSTOMER_L_NAME" SCALE ="0"/>
            <TRANSFORMFIELD DATATYPE ="string" DEFAULTVALUE ="" DESCRIPTION ="" GROUP ="NEWGROUP1" NAME ="CUSTOMER_CITY1" PICTURETEXT ="" PORTTYPE ="OUTPUT" PRECISION ="16" REF_FIELD ="CUSTOMER_CITY" SCALE ="0"/>
            <TRANSFORMFIELD DATATYPE ="decimal" DEFAULTVALUE ="" DESCRIPTION ="" GROUP ="NEWGROUP1" NAME ="CUSTOMER_ZIP1" PICTURETEXT ="" PORTTYPE ="OUTPUT" PRECISION ="6" REF_FIELD ="CUSTOMER_ZIP" SCALE ="0"/>
            <TRANSFORMFIELD DATATYPE ="string" DEFAULTVALUE ="" DESCRIPTION ="" GROUP ="NEWGROUP1" NAME ="COUNTRY1" PICTURETEXT ="" PORTTYPE ="OUTPUT" PRECISION ="20" REF_FIELD ="COUNTRY" SCALE ="0"/>
            <TRANSFORMFIELD DATATYPE ="decimal" DEFAULTVALUE ="" DESCRIPTION ="" GROUP ="NEWGROUP1" NAME ="STORE_NUMBER1" PICTURETEXT ="" PORTTYPE ="OUTPUT" PRECISION ="4" REF_FIELD ="STORE_NUMBER" SCALE ="0"/>
            <TRANSFORMFIELD DATATYPE ="string" DEFAULTVALUE ="" DESCRIPTION ="" GROUP ="NEWGROUP1" NAME ="CUST_CONTACT_PHONE1" PICTURETEXT ="" PORTTYPE ="OUTPUT" PRECISION ="12" REF_FIELD ="CUST_CONTACT_PHONE" SCALE ="0"/>
            <TRANSFORMFIELD DATATYPE ="string" DEFAULTVALUE ="" DESCRIPTION ="" GROUP ="NEWGROUP1" NAME ="CUST_ACTIVE1" PICTURETEXT ="" PORTTYPE ="OUTPUT" PRECISION ="5" REF_FIELD ="CUST_ACTIVE" SCALE ="0"/>
            <TRANSFORMFIELD DATATYPE ="decimal" DEFAULTVALUE ="" DESCRIPTION ="" GROUP ="NEWGROUP2" NAME ="CUSTOMER_ID3" PICTURETEXT ="" PORTTYPE ="OUTPUT" PRECISION ="10" REF_FIELD ="CUSTOMER_ID" SCALE ="0"/>
            <TRANSFORMFIELD DATATYPE ="string" DEFAULTVALUE ="" DESCRIPTION ="" GROUP ="NEWGROUP2" NAME ="CUSTOMER_F_NAME3" PICTURETEXT ="" PORTTYPE ="OUTPUT" PRECISION ="11" REF_FIELD ="CUSTOMER_F_NAME" SCALE ="0"/>
            <TRANSFORMFIELD DATATYPE ="string" DEFAULTVALUE ="" DESCRIPTION ="" GROUP ="NEWGROUP2" NAME ="CUSTOMER_L_NAME3" PICTURETEXT ="" PORTTYPE ="OUTPUT" PRECISION ="16" REF_FIELD ="CUSTOMER_L_NAME" SCALE ="0"/>
            <TRANSFORMFIELD DATATYPE ="string" DEFAULTVALUE ="" DESCRIPTION ="" GROUP ="NEWGROUP2" NAME ="CUSTOMER_CITY3" PICTURETEXT ="" PORTTYPE ="OUTPUT" PRECISION ="16" REF_FIELD ="CUSTOMER_CITY" SCALE ="0"/>
            <TRANSFORMFIELD DATATYPE ="decimal" DEFAULTVALUE ="" DESCRIPTION ="" GROUP ="NEWGROUP2" NAME ="CUSTOMER_ZIP3" PICTURETEXT ="" PORTTYPE ="OUTPUT" PRECISION ="6" REF_FIELD ="CUSTOMER_ZIP" SCALE ="0"/>
            <TRANSFORMFIELD DATATYPE ="string" DEFAULTVALUE ="" DESCRIPTION ="" GROUP ="NEWGROUP2" NAME ="COUNTRY3" PICTURETEXT ="" PORTTYPE ="OUTPUT" PRECISION ="20" REF_FIELD ="COUNTRY" SCALE ="0"/>
            <TRANSFORMFIELD DATATYPE ="decimal" DEFAULTVALUE ="" DESCRIPTION ="" GROUP ="NEWGROUP2" NAME ="STORE_NUMBER3" PICTURETEXT ="" PORTTYPE ="OUTPUT" PRECISION ="4" REF_FIELD ="STORE_NUMBER" SCALE ="0"/>
            <TRANSFORMFIELD DATATYPE ="string" DEFAULTVALUE ="" DESCRIPTION ="" GROUP ="NEWGROUP2" NAME ="CUST_CONTACT_PHONE3" PICTURETEXT ="" PORTTYPE ="OUTPUT" PRECISION ="12" REF_FIELD ="CUST_CONTACT_PHONE" SCALE ="0"/>
            <TRANSFORMFIELD DATATYPE ="string" DEFAULTVALUE ="" DESCRIPTION ="" GROUP ="NEWGROUP2" NAME ="CUST_ACTIVE3" PICTURETEXT ="" PORTTYPE ="OUTPUT" PRECISION ="5" REF_FIELD ="CUST_ACTIVE" SCALE ="0"/>
            <TRANSFORMFIELD DATATYPE ="decimal" DEFAULTVALUE ="" DESCRIPTION ="" GROUP ="DEFAULT1" NAME ="CUSTOMER_ID2" PICTURETEXT ="" PORTTYPE ="OUTPUT" PRECISION ="10" REF_FIELD ="CUSTOMER_ID" SCALE ="0"/>
            <TRANSFORMFIELD DATATYPE ="string" DEFAULTVALUE ="" DESCRIPTION ="" GROUP ="DEFAULT1" NAME ="CUSTOMER_F_NAME2" PICTURETEXT ="" PORTTYPE ="OUTPUT" PRECISION ="11" REF_FIELD ="CUSTOMER_F_NAME" SCALE ="0"/>
            <TRANSFORMFIELD DATATYPE ="string" DEFAULTVALUE ="" DESCRIPTION ="" GROUP ="DEFAULT1" NAME ="CUSTOMER_L_NAME2" PICTURETEXT ="" PORTTYPE ="OUTPUT" PRECISION ="16" REF_FIELD ="CUSTOMER_L_NAME" SCALE ="0"/>
            <TRANSFORMFIELD DATATYPE ="string" DEFAULTVALUE ="" DESCRIPTION ="" GROUP ="DEFAULT1" NAME ="CUSTOMER_CITY2" PICTURETEXT ="" PORTTYPE ="OUTPUT" PRECISION ="16" REF_FIELD ="CUSTOMER_CITY" SCALE ="0"/>
            <TRANSFORMFIELD DATATYPE ="decimal" DEFAULTVALUE ="" DESCRIPTION ="" GROUP ="DEFAULT1" NAME ="CUSTOMER_ZIP2" PICTURETEXT ="" PORTTYPE ="OUTPUT" PRECISION ="6" REF_FIELD ="CUSTOMER_ZIP" SCALE ="0"/>
            <TRANSFORMFIELD DATATYPE ="string" DEFAULTVALUE ="" DESCRIPTION ="" GROUP ="DEFAULT1" NAME ="COUNTRY2" PICTURETEXT ="" PORTTYPE ="OUTPUT" PRECISION ="20" REF_FIELD ="COUNTRY" SCALE ="0"/>
            <TRANSFORMFIELD DATATYPE ="decimal" DEFAULTVALUE ="" DESCRIPTION ="" GROUP ="DEFAULT1" NAME ="STORE_NUMBER2" PICTURETEXT ="" PORTTYPE ="OUTPUT" PRECISION ="4" REF_FIELD ="STORE_NUMBER" SCALE ="0"/>
            <TRANSFORMFIELD DATATYPE ="string" DEFAULTVALUE ="" DESCRIPTION ="" GROUP ="DEFAULT1" NAME ="CUST_CONTACT_PHONE2" PICTURETEXT ="" PORTTYPE ="OUTPUT" PRECISION ="12" REF_FIELD ="CUST_CONTACT_PHONE" SCALE ="0"/>
            <TRANSFORMFIELD DATATYPE ="string" DEFAULTVALUE ="" DESCRIPTION ="" GROUP ="DEFAULT1" NAME ="CUST_ACTIVE2" PICTURETEXT ="" PORTTYPE ="OUTPUT" PRECISION ="5" REF_FIELD ="CUST_ACTIVE" SCALE ="0"/>
            <TABLEATTRIBUTE NAME ="Tracing Level" VALUE ="Normal"/>
        </TRANSFORMATION>
        <INSTANCE DESCRIPTION ="" NAME ="RETAIL_CUST_ACTIVE" TRANSFORMATION_NAME ="RETAIL_CUST_ACTIVE" TRANSFORMATION_TYPE ="Target Definition" TYPE ="TARGET"/>
        <INSTANCE DESCRIPTION ="" NAME ="RETAIL_CUST_INACTIVE" TRANSFORMATION_NAME ="RETAIL_CUST_INACTIVE" TRANSFORMATION_TYPE ="Target Definition" TYPE ="TARGET"/>
        <INSTANCE DBDNAME ="FlatFile" DESCRIPTION ="" NAME ="Retail_Source_DATA_1" TRANSFORMATION_NAME ="Retail_Source_DATA_1" TRANSFORMATION_TYPE ="Source Definition" TYPE ="SOURCE"/>
        <INSTANCE DESCRIPTION ="" NAME ="SQ_Retail_Source_DATA_1" REUSABLE ="NO" TRANSFORMATION_NAME ="SQ_Retail_Source_DATA_1" TRANSFORMATION_TYPE ="Source Qualifier" TYPE ="TRANSFORMATION">
            <ASSOCIATED_SOURCE_INSTANCE NAME ="Retail_Source_DATA_1"/>
        </INSTANCE>
        <INSTANCE DESCRIPTION ="" NAME ="RTRTRANS" REUSABLE ="NO" TRANSFORMATION_NAME ="RTRTRANS" TRANSFORMATION_TYPE ="Router" TYPE ="TRANSFORMATION"/>
        <CONNECTOR FROMFIELD ="CUSTOMER_ID1" FROMINSTANCE ="RTRTRANS" FROMINSTANCETYPE ="Router" TOFIELD ="CUSTOMER_ID" TOINSTANCE ="RETAIL_CUST_ACTIVE" TOINSTANCETYPE ="Target Definition"/>
        <CONNECTOR FROMFIELD ="CUSTOMER_F_NAME1" FROMINSTANCE ="RTRTRANS" FROMINSTANCETYPE ="Router" TOFIELD ="CUSTOMER_F_NAME" TOINSTANCE ="RETAIL_CUST_ACTIVE" TOINSTANCETYPE ="Target Definition"/>
        <CONNECTOR FROMFIELD ="CUSTOMER_L_NAME1" FROMINSTANCE ="RTRTRANS" FROMINSTANCETYPE ="Router" TOFIELD ="CUSTOMER_L_NAME" TOINSTANCE ="RETAIL_CUST_ACTIVE" TOINSTANCETYPE ="Target Definition"/>
        <CONNECTOR FROMFIELD ="CUSTOMER_CITY1" FROMINSTANCE ="RTRTRANS" FROMINSTANCETYPE ="Router" TOFIELD ="CUSTOMER_CITY" TOINSTANCE ="RETAIL_CUST_ACTIVE" TOINSTANCETYPE ="Target Definition"/>
        <CONNECTOR FROMFIELD ="CUSTOMER_ZIP1" FROMINSTANCE ="RTRTRANS" FROMINSTANCETYPE ="Router" TOFIELD ="CUSTOMER_ZIP" TOINSTANCE ="RETAIL_CUST_ACTIVE" TOINSTANCETYPE ="Target Definition"/>
        <CONNECTOR FROMFIELD ="COUNTRY1" FROMINSTANCE ="RTRTRANS" FROMINSTANCETYPE ="Router" TOFIELD ="COUNTRY" TOINSTANCE ="RETAIL_CUST_ACTIVE" TOINSTANCETYPE ="Target Definition"/>
        <CONNECTOR FROMFIELD ="STORE_NUMBER1" FROMINSTANCE ="RTRTRANS" FROMINSTANCETYPE ="Router" TOFIELD ="STORE_NUMBER" TOINSTANCE ="RETAIL_CUST_ACTIVE" TOINSTANCETYPE ="Target Definition"/>
        <CONNECTOR FROMFIELD ="CUST_CONTACT_PHONE1" FROMINSTANCE ="RTRTRANS" FROMINSTANCETYPE ="Router" TOFIELD ="CUST_CONTACT_PHONE" TOINSTANCE ="RETAIL_CUST_ACTIVE" TOINSTANCETYPE ="Target Definition"/>
        <CONNECTOR FROMFIELD ="CUST_ACTIVE1" FROMINSTANCE ="RTRTRANS" FROMINSTANCETYPE ="Router" TOFIELD ="CUST_ACTIVE" TOINSTANCE ="RETAIL_CUST_ACTIVE" TOINSTANCETYPE ="Target Definition"/>
        <CONNECTOR FROMFIELD ="CUSTOMER_ID3" FROMINSTANCE ="RTRTRANS" FROMINSTANCETYPE ="Router" TOFIELD ="CUSTOMER_ID" TOINSTANCE ="RETAIL_CUST_INACTIVE" TOINSTANCETYPE ="Target Definition"/>
        <CONNECTOR FROMFIELD ="CUSTOMER_F_NAME3" FROMINSTANCE ="RTRTRANS" FROMINSTANCETYPE ="Router" TOFIELD ="CUSTOMER_F_NAME" TOINSTANCE ="RETAIL_CUST_INACTIVE" TOINSTANCETYPE ="Target Definition"/>
        <CONNECTOR FROMFIELD ="CUSTOMER_L_NAME3" FROMINSTANCE ="RTRTRANS" FROMINSTANCETYPE ="Router" TOFIELD ="CUSTOMER_L_NAME" TOINSTANCE ="RETAIL_CUST_INACTIVE" TOINSTANCETYPE ="Target Definition"/>
        <CONNECTOR FROMFIELD ="CUSTOMER_CITY3" FROMINSTANCE ="RTRTRANS" FROMINSTANCETYPE ="Router" TOFIELD ="CUSTOMER_CITY" TOINSTANCE ="RETAIL_CUST_INACTIVE" TOINSTANCETYPE ="Target Definition"/>
        <CONNECTOR FROMFIELD ="CUSTOMER_ZIP3" FROMINSTANCE ="RTRTRANS" FROMINSTANCETYPE ="Router" TOFIELD ="CUSTOMER_ZIP" TOINSTANCE ="RETAIL_CUST_INACTIVE" TOINSTANCETYPE ="Target Definition"/>
        <CONNECTOR FROMFIELD ="COUNTRY3" FROMINSTANCE ="RTRTRANS" FROMINSTANCETYPE ="Router" TOFIELD ="COUNTRY" TOINSTANCE ="RETAIL_CUST_INACTIVE" TOINSTANCETYPE ="Target Definition"/>
        <CONNECTOR FROMFIELD ="STORE_NUMBER3" FROMINSTANCE ="RTRTRANS" FROMINSTANCETYPE ="Router" TOFIELD ="STORE_NUMBER" TOINSTANCE ="RETAIL_CUST_INACTIVE" TOINSTANCETYPE ="Target Definition"/>
        <CONNECTOR FROMFIELD ="CUST_CONTACT_PHONE3" FROMINSTANCE ="RTRTRANS" FROMINSTANCETYPE ="Router" TOFIELD ="CUST_CONTACT_PHONE" TOINSTANCE ="RETAIL_CUST_INACTIVE" TOINSTANCETYPE ="Target Definition"/>
        <CONNECTOR FROMFIELD ="CUST_ACTIVE3" FROMINSTANCE ="RTRTRANS" FROMINSTANCETYPE ="Router" TOFIELD ="CUST_ACTIVE" TOINSTANCE ="RETAIL_CUST_INACTIVE" TOINSTANCETYPE ="Target Definition"/>
        <CONNECTOR FROMFIELD ="CUSTOMER_ID" FROMINSTANCE ="Retail_Source_DATA_1" FROMINSTANCETYPE ="Source Definition" TOFIELD ="CUSTOMER_ID" TOINSTANCE ="SQ_Retail_Source_DATA_1" TOINSTANCETYPE ="Source Qualifier"/>
        <CONNECTOR FROMFIELD ="CUSTOMER_F_NAME" FROMINSTANCE ="Retail_Source_DATA_1" FROMINSTANCETYPE ="Source Definition" TOFIELD ="CUSTOMER_F_NAME" TOINSTANCE ="SQ_Retail_Source_DATA_1" TOINSTANCETYPE ="Source Qualifier"/>
        <CONNECTOR FROMFIELD ="CUSTOMER_L_NAME" FROMINSTANCE ="Retail_Source_DATA_1" FROMINSTANCETYPE ="Source Definition" TOFIELD ="CUSTOMER_L_NAME" TOINSTANCE ="SQ_Retail_Source_DATA_1" TOINSTANCETYPE ="Source Qualifier"/>
        <CONNECTOR FROMFIELD ="CUSTOMER_CITY" FROMINSTANCE ="Retail_Source_DATA_1" FROMINSTANCETYPE ="Source Definition" TOFIELD ="CUSTOMER_CITY" TOINSTANCE ="SQ_Retail_Source_DATA_1" TOINSTANCETYPE ="Source Qualifier"/>
        <CONNECTOR FROMFIELD ="CUSTOMER_ZIP" FROMINSTANCE ="Retail_Source_DATA_1" FROMINSTANCETYPE ="Source Definition" TOFIELD ="CUSTOMER_ZIP" TOINSTANCE ="SQ_Retail_Source_DATA_1" TOINSTANCETYPE ="Source Qualifier"/>
        <CONNECTOR FROMFIELD ="COUNTRY" FROMINSTANCE ="Retail_Source_DATA_1" FROMINSTANCETYPE ="Source Definition" TOFIELD ="COUNTRY" TOINSTANCE ="SQ_Retail_Source_DATA_1" TOINSTANCETYPE ="Source Qualifier"/>
        <CONNECTOR FROMFIELD ="STORE_NUMBER" FROMINSTANCE ="Retail_Source_DATA_1" FROMINSTANCETYPE ="Source Definition" TOFIELD ="STORE_NUMBER" TOINSTANCE ="SQ_Retail_Source_DATA_1" TOINSTANCETYPE ="Source Qualifier"/>
        <CONNECTOR FROMFIELD ="CUST_CONTACT_PHONE" FROMINSTANCE ="Retail_Source_DATA_1" FROMINSTANCETYPE ="Source Definition" TOFIELD ="CUST_CONTACT_PHONE" TOINSTANCE ="SQ_Retail_Source_DATA_1" TOINSTANCETYPE ="Source Qualifier"/>
        <CONNECTOR FROMFIELD ="CUST_ACTIVE" FROMINSTANCE ="Retail_Source_DATA_1" FROMINSTANCETYPE ="Source Definition" TOFIELD ="CUST_ACTIVE" TOINSTANCE ="SQ_Retail_Source_DATA_1" TOINSTANCETYPE ="Source Qualifier"/>
        <CONNECTOR FROMFIELD ="CUSTOMER_ID" FROMINSTANCE ="SQ_Retail_Source_DATA_1" FROMINSTANCETYPE ="Source Qualifier" TOFIELD ="CUSTOMER_ID" TOINSTANCE ="RTRTRANS" TOINSTANCETYPE ="Router"/>
        <CONNECTOR FROMFIELD ="CUSTOMER_F_NAME" FROMINSTANCE ="SQ_Retail_Source_DATA_1" FROMINSTANCETYPE ="Source Qualifier" TOFIELD ="CUSTOMER_F_NAME" TOINSTANCE ="RTRTRANS" TOINSTANCETYPE ="Router"/>
        <CONNECTOR FROMFIELD ="CUSTOMER_L_NAME" FROMINSTANCE ="SQ_Retail_Source_DATA_1" FROMINSTANCETYPE ="Source Qualifier" TOFIELD ="CUSTOMER_L_NAME" TOINSTANCE ="RTRTRANS" TOINSTANCETYPE ="Router"/>
        <CONNECTOR FROMFIELD ="CUSTOMER_CITY" FROMINSTANCE ="SQ_Retail_Source_DATA_1" FROMINSTANCETYPE ="Source Qualifier" TOFIELD ="CUSTOMER_CITY" TOINSTANCE ="RTRTRANS" TOINSTANCETYPE ="Router"/>
        <CONNECTOR FROMFIELD ="CUSTOMER_ZIP" FROMINSTANCE ="SQ_Retail_Source_DATA_1" FROMINSTANCETYPE ="Source Qualifier" TOFIELD ="CUSTOMER_ZIP" TOINSTANCE ="RTRTRANS" TOINSTANCETYPE ="Router"/>
        <CONNECTOR FROMFIELD ="COUNTRY" FROMINSTANCE ="SQ_Retail_Source_DATA_1" FROMINSTANCETYPE ="Source Qualifier" TOFIELD ="COUNTRY" TOINSTANCE ="RTRTRANS" TOINSTANCETYPE ="Router"/>
        <CONNECTOR FROMFIELD ="STORE_NUMBER" FROMINSTANCE ="SQ_Retail_Source_DATA_1" FROMINSTANCETYPE ="Source Qualifier" TOFIELD ="STORE_NUMBER" TOINSTANCE ="RTRTRANS" TOINSTANCETYPE ="Router"/>
        <CONNECTOR FROMFIELD ="CUST_CONTACT_PHONE" FROMINSTANCE ="SQ_Retail_Source_DATA_1" FROMINSTANCETYPE ="Source Qualifier" TOFIELD ="CUST_CONTACT_PHONE" TOINSTANCE ="RTRTRANS" TOINSTANCETYPE ="Router"/>
        <CONNECTOR FROMFIELD ="CUST_ACTIVE" FROMINSTANCE ="SQ_Retail_Source_DATA_1" FROMINSTANCETYPE ="Source Qualifier" TOFIELD ="CUST_ACTIVE" TOINSTANCE ="RTRTRANS" TOINSTANCETYPE ="Router"/>
        <TARGETLOADORDER ORDER ="1" TARGETINSTANCE ="RETAIL_CUST_ACTIVE"/>
        <TARGETLOADORDER ORDER ="1" TARGETINSTANCE ="RETAIL_CUST_INACTIVE"/>
        <ERPINFO/>
    </MAPPING>
</FOLDER>
</REPOSITORY>
</POWERMART>