STORE_NUMBER,STORE_NAME,STORE_LOCATION,STORE_PHONE
4677,Skyvu,Kinsealy-Drinan,157-861-3520
9548,Latz,Kalapagenep,320-602-4305
1481,Gigashots,Zlatni Pyasatsi,118-145-3909
6576,Cogibox,Baume-les-Dames,968-140-8927
8641,Photobean,Vitória do Mearim,777-184-2882
1072,Zoomzone,Pamarayan,712-944-3328
8395,Bluejam,Kanazawa-shi,340-962-9836
9418,Innotype,Águas Belas,376-499-5488
3579,Fadeo,Askim,542-260-8509
3439,Innojam,Ciparakan,900-499-6662
5615,Kayveo,Cagmanaba,409-327-8879
1618,Teklist,Stockholm,391-829-3182
4524,Browsezoom,Volochys’k,496-417-1061
6181,Voolith,Baiju,101-751-6289
9707,Tagchat,Köln,264-326-7596
3082,Oozz,Sigou,579-210-7520
2454,Aimbu,Batusangkar,279-376-8675
9276,Ozu,Datarkadu,399-307-5760
6720,Wordify,San Antonio,831-315-7744
3389,Eire,Şalākhid,881-323-5255
8182,Brightdog,Chengguan,939-937-8811
4996,Topiclounge,Duyun,522-266-9802
9015,Yodoo,Beaumont,936-509-7909
7411,Ntag,Mursaba,911-156-8407
5346,Yacero,Tacna,184-143-1288
5818,Topiczoom,Villeta,633-777-6593
1821,Edgeclub,Fenghuo,569-375-9870
6778,Trudoo,Lumatil,124-655-6002
2023,Cogidoo,Kadugannawa,306-147-6132
3241,Voomm,Tsukawaki,248-984-9690
4803,Pixonyx,Miratejo,789-669-9528
5705,Youspan,Anyuan,127-105-6999
3829,Wikido,Kouqian,716-239-5081
1295,Topiczoom,Divnomorskoye,241-396-8207
3361,Flashpoint,Vostryakovo,730-831-6833
2051,Voolia,Las Tejerías,438-330-6891
4441,Browsezoom,Xarag,626-745-1485
2606,Rhyzio,Xiaogang,524-337-9529
2917,Reallinks,Rumāh,658-964-2280
8417,Mynte,Grojec,869-173-4677
7518,Einti,Morant Bay,732-171-0967
1255,Voolith,Parys,209-251-8415
7315,Jayo,Vallentuna,306-951-0834
8154,Tagopia,Uście Gorlickie,731-957-4311
4020,Skipstorm,Central,735-133-2931
8941,Rhycero,Thul,200-243-7378
5586,Livepath,Busia,666-281-0958
6298,Minyx,Bobadela,329-389-8097
9750,Flipbug,Ngô Đồng,564-456-7988
4721,Roomm,Chengguan,154-421-3362
5422,Demizz,Shah Alam,318-616-8036
1871,Jabbersphere,Lille,440-813-4731
4790,Dabvine,Santa Maria,613-919-6243
1075,Devbug,Porsgrunn,297-242-9733
3654,Jetwire,Camargo,536-198-0034
3849,Skynoodle,Chengdong,988-805-3951
3188,Voonder,An Châu,347-643-6941
6485,Buzzshare,Liangwangzhuang,856-501-5954
9621,Geba,Hartola,951-654-4576
1350,Edgeblab,Hamakita,338-766-8868
8425,Rhycero,Itaituba,723-738-6215
2959,Flipstorm,Jaša Tomić,610-725-3520
9059,Omba,Corbeil-Essonnes,425-527-2235
1904,Teklist,Tul’chyn,798-104-5851
6906,Jabbercube,Gerdu,973-822-9589
3414,Yakitri,Wulipu,407-845-7197
2768,Yakitri,Pantian,534-592-9619
4454,Fliptune,Evansville,812-766-7077
7343,Skyba,Kansas City,816-425-3858
9458,Brightdog,Mykolayiv,187-877-2905
4552,Rhyloo,Veruela,190-417-0896
8992,Tanoodle,Rukunlima Bawah,656-997-4060
4896,Feedfish,Boroko,698-525-3010
1884,Yodo,Pantalowice,780-216-7327
9043,Eare,Bislig,630-176-3000
6698,Pixoboo,Boa Viagem,938-329-6133
7356,InnoZ,Dao’er,817-302-7048
1846,Miboo,Xianan,283-157-4762
3170,Blogspan,Comal,130-338-9556
6180,Skippad,Kalangbret,832-476-7476
3749,Gigaclub,South Tangerang,947-354-9493
6539,Edgepulse,Smārde,675-934-5793
9132,Ainyx,Bailieborough,853-787-7180
9159,Buzzster,Oslo,526-673-3840
9155,Geba,Santa Cruz del Sur,832-286-4710
5291,Realfire,Nobeoka,993-886-6200
7979,Feedbug,Đoan Hùng,649-744-6714
7816,Snaptags,Jiangchuan,264-408-2279
6391,Twitterbridge,Charlotte,704-718-5303
5184,Photobug,Sydney,544-420-4639
1271,Vitz,Hønefoss,927-197-6236
5519,Oyoba,Spånga,390-874-6541
8284,Zoomcast,Ambilobe,754-620-5724
3687,Brightbean,Järna,526-945-6492
5044,Buzzbean,Zhonghe,415-966-7455
9716,Yacero,Santa Cruz,305-489-8808
4479,Photospace,Santo Isidro,395-662-6720
5157,Mydo,Mestre,653-351-0566
7456,Fivebridge,San Marcos,334-384-2951
5119,Riffwire,Wanjia,184-253-3808
1570,Lajo,Iwase,823-729-0968
1134,Photobug,Tipo-Tipo,500-852-3564
5635,Fliptune,Yessentukskaya,870-176-4941
5347,Skidoo,Governador Valadares,961-681-0108
7902,Eabox,Jishan,755-147-2021
5702,Yodel,Zarrīn Shahr,287-866-3894
1728,Plajo,Konstantynów,973-429-8752
6431,Browsebug,Phon Charoen,716-611-7839
6614,Katz,Tianxin,916-555-2819
3011,Twinder,Nanhai,238-625-0196
3575,Lazz,Manjiang,533-913-5211
6639,Zooveo,Anbyŏn-ŭp,112-727-5328
3773,Rhycero,Boshkengash,688-409-7315
4768,Jetwire,Sutton,935-176-5390
9843,Wikibox,Al Finţās,820-600-1102
4379,Mydo,Momil,599-546-9125
5696,Browsedrive,Menggala,747-693-2194
2251,Jazzy,Chengji,203-673-8970
7886,Linktype,Skoura,489-830-6601
2210,Gabtune,Shizuishan,962-475-3152
8155,Skynoodle,Huaqiao,835-848-8916
3088,Skaboo,Winong,916-808-1247
6099,Fiveclub,Hangzhou,414-418-5367
1685,Youopia,Blažovice,874-263-4327
7033,Roomm,Kokkári,758-149-9254
8834,Photojam,Al Lubban al Gharbī,319-911-5196
5713,Blogspan,Hejiabao,648-364-4932
5372,Fivespan,Chegang,616-838-0629
2020,Blogspan,Huaqiao,814-999-4600
5952,Photolist,Uppsala,381-901-0213
2261,Eayo,Turiys’k,503-996-6798
6822,Pixope,Jiangwang,520-530-1618
4881,Aimbo,Miami,786-562-7807
9740,Skyba,Chusovoy,336-922-0212
4794,Edgewire,Santa Catalina,816-892-2931
9950,Jamia,Bitam,756-166-6984
8962,Demivee,Bang Mun Nak,555-715-5532
7770,Jabberstorm,Whitehorse,662-424-8397
3443,Thoughtstorm,Kashmor,499-945-5196
2409,Bluezoom,Ampanihy,294-489-9120
9073,Gabvine,Mabini,961-677-6523
1563,Babbleset,Pinoma,981-580-5384
1871,Feedspan,Campo Alegre,172-963-3221
1183,Skyvu,Haukivuori,448-988-1699
9147,Divape,Guadalupe,881-775-5813
3743,Gigazoom,Jinhe,196-865-4720
7341,Browseblab,Mugango,565-580-0351
2648,Ailane,José de Freitas,288-849-7532
3394,Twitterbeat,Ambatofinandrahana,854-950-2961
3295,Rhyloo,Kanganpur,676-224-1905
6681,Skilith,Tazemmourt,145-637-6747
9030,Dynava,Fovissste,179-718-6980
8453,Rhyzio,Abut,446-904-5573
6833,Photobug,Fada N'gourma,205-503-9231
5297,Tagopia,Skrwilno,847-642-2843
1625,Realcube,Cabreúva,939-726-7153
4504,Blognation,Sanli,637-397-7622
5745,Skiba,Ínfias,996-107-2767
3343,Viva,Usatove,493-709-4918
3618,Chatterbridge,Kui Buri,863-284-6251
5785,Skimia,Washington,202-476-9289
9340,Talane,Tumbi,253-803-6878
2398,Pixoboo,Wujiabao,295-302-8805
9959,Shufflebeat,Pitrufquén,799-436-9142
9064,Voonyx,Miskolc,448-392-5713
9010,Realpoint,Kachug,440-206-0773
2157,Yakijo,Irtyshskiy,309-883-6806
5899,Feedmix,Ccuntuma,951-146-5295
3881,Realcube,Bukbatang,308-612-6946
7573,Oyondu,Jiachuan,696-220-9187
9934,Riffpath,Sapol,689-931-4054
4460,Blogtags,Madison,608-502-1116
4012,Wikizz,Katsuura,400-771-3894
8311,Blogtags,Dukou,984-899-5927
5952,Lazzy,Frydrychowice,413-755-4191
4917,Gigazoom,Lgota Wielka,294-139-3616
5448,Wikizz,Leifeng,250-539-7748
4264,DabZ,Tingsiqiao,710-599-6216
1326,Brainlounge,Les Coteaux,553-546-9602
9144,DabZ,Benito Juarez,183-884-9313
7624,Babbleset,Klatovy,865-124-1375
6599,Vipe,Tomilino,587-577-5797
6799,Buzzshare,Sengeti,780-585-6764
4542,Wikibox,Garunggang,254-116-3027
9171,Cogibox,Dugu,886-876-2919
9771,Zoonder,Vicente Guerrero,511-744-6480
9661,Kazio,Bonnyville,869-690-0504
6169,Blogtag,Moscow,136-939-3507
5455,BlogXS,Bryansk,497-505-1241
7205,Blognation,Tetaf,255-846-6451
8961,Wordify,Port-au-Prince,199-120-4036
5230,Latz,Bañga,457-792-8967
1844,Zooxo,Urek-urek,651-597-1908
2926,Trudeo,Znomenka,757-735-5491
8961,Buzzbean,Jarry,870-912-4731
7269,Mynte,Revava,850-967-4851
6324,Zoozzy,Al Nashmah,835-153-1146
3099,Buzzster,Haveli,300-259-8440
5730,Jetwire,Thủ Thừa,252-312-5719
7838,Topicware,Farinheiras,712-191-6920
8013,Browseblab,Ymittos,670-888-1289
6849,Zoombeat,Nankengzi,958-904-1056
1232,Meevee,Şuwayr,540-342-4289
9383,Avamm,Düsseldorf,532-880-6886
6731,Browsetype,Evansville,812-509-9768
9193,Jabberbean,Sumberwaru,539-955-6656
6343,Viva,Gesik,909-338-7117
7342,Wordify,Lorient,138-823-4479
8208,Realpoint,Sergiyev Posad,512-377-7505
4276,Wikido,Józefów,300-320-8760
3491,Kamba,Satovcha,787-928-9153
4575,Ailane,Balogo,150-292-5536
3007,Demizz,Langgen,422-545-8686
9310,Ntags,Cincinnati,513-793-1064
4161,Vitz,Irahuan,563-351-5650
6075,Dablist,Guéret,353-975-1341
2845,Gabvine,Wonokerto,947-697-2227
3415,Browsedrive,Chunhu,827-997-7041
3742,Snaptags,Fort Worth,682-249-0476
8974,Edgetag,Nidek,743-603-7791
1913,Meevee,Aleksandrovka,135-898-7347
2591,Jabbersphere,Cumba,203-790-2471
2469,Fivechat,Carpina,441-599-0675
4905,Rhybox,Sedkyrkeshch,595-815-3162
5218,Edgewire,Vitória do Mearim,973-560-8945
7871,Linkbuzz,Péfki,483-328-7795
6490,Yakitri,San Rafael,839-453-8814
7855,Rhycero,Rejoyoso,880-941-4550
1706,Realcube,Chechen-Aul,309-927-5882
9907,Tagcat,Camatagua,901-692-8627
7293,Dabfeed,Taveiro,670-961-6125
4334,Kayveo,Broumov,822-695-0240
5395,Mycat,Mingyue,538-265-2237
9594,Cogilith,Caen,189-811-0168
9945,Browsetype,城郊,154-990-8458
3297,Meevee,Pojok,381-269-9216
9308,Miboo,Zyuzino,569-641-5244
8922,Jabbercube,Cam Lâm,720-235-3024
2068,Jabbercube,Caihua,115-894-3836
9604,Thoughtbeat,Ansermanuevo,415-634-7105
9982,Teklist,Il’ka,409-837-1484
3862,Rhyzio,Maseru,142-936-1449
7499,Devify,Tyre,363-917-0642
3617,Brightdog,Rueil-Malmaison,611-193-9339
4623,Quimba,Nozdrzec,134-183-8422
9517,Brightdog,Dmitriyevskoye,331-131-1260
9157,Realbuzz,Ujmisht,751-317-1543
5347,Viva,Saint-Amand-les-Eaux,113-583-1538
7977,Chatterpoint,Letpandan,747-610-6824
1134,Kimia,Laoqiao,421-184-2446
4950,Eare,São Fidélis,627-724-2564
3141,Flashpoint,Rekovac,361-173-0949
2608,Jayo,Anaheim,714-625-5289
4201,Devshare,Yeniköy,516-768-6261
3603,Minyx,Đông Thành,592-374-2384
9539,Youspan,Bayangol,449-336-8732
1298,Devshare,Dębno,467-654-2933
6294,Kamba,Asahi,189-753-5013
7834,Jaloo,Djibo,376-480-1981
5340,Vimbo,Xiaodukou,988-121-8346
8084,Avamm,Blessington,498-937-6375
9359,Nlounge,Charlotte,704-452-7390
7027,Centizu,Paldiski,358-773-8111
2668,Abata,Mingyuedian,757-288-6499
7258,Trupe,Landázuri,845-838-5574
2153,Fiveclub,Sidi Moussa,602-749-4891
6069,JumpXS,Linköping,517-606-8019
1747,Oodoo,Jaguarão,817-343-6703
4631,Zazio,Xizhong,780-792-1861
4481,Mycat,Wenci,997-131-7140
8105,Feedfire,Uchaly,952-612-6486
8291,Kanoodle,Monte Azul Paulista,693-717-5564
7313,Realmix,Kanda,334-149-8240
1656,Topicshots,Stenungsund,191-294-9785
4949,Babbleset,Zhoukou,756-277-8169
8910,Lajo,Praingkareha,762-219-9105
7484,Kimia,Kolsko,632-882-8012
4483,Trudeo,São Gonçalo do Sapucaí,652-882-2495
9400,Trudoo,Tayang,378-870-9057
4408,Jetpulse,Yermolayevo,558-992-3396
2228,Geba,Jingzi,868-297-2815
7550,Kanoodle,Casa Branca,128-956-1761
1566,Yakitri,Watubuku,865-647-0509
9066,Demizz,Aganan,449-531-7783
1828,Avamba,Manticao,788-503-0347
9556,Linklinks,Laya,897-921-0163
6876,Babbleset,Kosikha,585-826-5244
8681,Yakitri,Köping,380-454-2990
6560,Katz,Fuli,544-440-8889
9126,Divavu,Dolany,889-809-7916
5425,Katz,Metz,955-104-8160
7521,Demizz,Xinglong,425-636-1224
4285,Fivespan,Volzhsk,295-832-4112
4399,Skynoodle,Pasirpanjang,790-849-3246
5435,Zazio,Nykarleby,380-870-4350
2581,Skiptube,Hengshui,974-594-6503
3934,Eidel,Fenglin,351-111-4175
1552,Kazu,Zborovice,864-237-3842
1796,Kazu,Boavista,280-359-1295
6946,Feedfish,San José de La Montaña,805-169-4112
7678,Dynazzy,Yongledian,891-291-4319
2039,Tazzy,Dingchang,589-221-6583
3166,Leenti,Xiaoyangqi,873-652-3256
7241,Avaveo,Неготино,343-913-8541
8271,Skyba,Lukrejo,602-767-4432
3979,Trupe,Feijó,323-763-2430
9501,Edgepulse,Morelos,795-341-4756
1928,Eimbee,Mayahi,197-113-2897
3161,Gigabox,Tamansari,134-611-8003
2223,Bubbletube,Rodhítsa,225-950-6444
8980,Shufflebeat,Jampang Tengah,287-506-9179
3201,Dabshots,Kotadukuh,850-273-3338
3907,Kimia,Mont-de-Marsan,281-393-1065
8654,Trilith,Ngulahan,454-919-2811
6445,Voolia,Tokonou,519-381-8328
4279,Dynabox,Kyegegwa,435-518-7287
3098,Chatterpoint,Xinghuo,258-523-4381
8546,Feedfire,Metsemotlhaba,579-188-8094
4539,Yodoo,Juxing,798-475-2252
2400,Kayveo,Pereira,247-266-5227
1802,Trudeo,Menuma,749-349-1702
1692,Photobean,Sosnówka,222-330-9906
1643,Npath,Tashtagol,550-247-2755
4428,Twitterworks,Pingxi,469-415-1861
5316,Kazio,Радовиш,851-310-6870
3733,Skinte,"Brgy. Nalook, kalibo",301-662-8779
8079,Edgeify,Almirante,686-123-1100
4977,Livetube,Tvrdonice,593-139-5144
4498,Jamia,Mantalongon,663-809-0297
5861,Cogilith,Gwandu,556-283-1286
5067,Livepath,Nar'yan-Mar,313-982-9935
6877,Innojam,Fort Worth,682-579-8169
9109,Browseblab,Khartsyz’k,542-985-4939
8620,Rhycero,Lashio,518-893-4647
8314,Muxo,Genisséa,361-152-9029
9924,Centimia,Jovim,820-788-5453
2000,Fivespan,Usuki,131-780-1994
9951,Blogspan,Baixiang,723-640-6362
5925,Flashdog,Chenqing,796-953-0604
7258,Edgeify,Changbai,660-315-5669
4164,Leexo,Oyem,522-582-4791
1775,Avamba,Sentieiras,147-647-7740
6445,Gabtype,Jarigue,566-751-7457
2829,Twitternation,Sidikalang,866-239-7873
5934,Yodel,Krajan Satu,567-407-7653
6346,Plambee,Bonpland,492-752-7361
1705,Zoomlounge,Sukasirna,810-415-4478
9143,Eimbee,Tazouta,377-166-3979
2576,Kayveo,Mori,232-448-2871
8940,Quamba,Singosari,553-816-6529
4911,Aimbu,Carolina,460-732-3216
7823,Eadel,Kasakh,131-260-1952
7848,Tagcat,El Puerto,938-918-2463
6327,Flashdog,Umeå,266-236-5877
8899,Flashset,Yongning,718-963-8914
7120,Flashdog,Sunfang,366-771-2220
4906,Jabbersphere,Silikatnyy,977-970-5128
8617,Jayo,Amadeo,332-507-8766
7054,Mynte,Sredniy,677-255-5997
9194,Abata,Depok,319-155-9852
8788,Zoomdog,Oslo,973-578-9171
4805,Zoonoodle,Tindog,156-223-8864
9272,Yakidoo,Papeete,286-865-1397
9691,Fanoodle,Balut,616-151-6180
5395,Twitterbeat,Kudang,128-466-6700
2578,Dynazzy,Nakano,557-963-9068
2791,Kamba,Parlilitan,775-418-9634
9883,Jaxnation,Cái Dầu,138-517-8196
7863,Realfire,Makīnsk,641-321-6634
4186,Mynte,Abengourou,594-852-5392
5854,Jaxbean,Sovetskaya Gavan’,467-159-2897
9977,Browsebug,Kamennyye Potoki,464-503-6470
9088,Photobean,Gornja Koprivna,558-881-9181
4331,Jabbertype,Lens,871-273-6445
3303,Dynabox,El Plan,948-996-0799
7539,Yambee,Talavera,233-680-8451
5650,Voolia,Xiashuitou,395-990-9424
8698,Tagtune,Lago dos Rodrigues,258-851-1416
7042,Yata,Gllogjan,941-714-7410
4115,Dabvine,Galapa,445-393-2491
4360,Jabbersphere,Jaboticabal,703-303-7390
2869,Photojam,Itaporanga,869-882-2816
9598,Agimba,Łobez,179-355-1544
1286,Wikibox,Wilga,976-964-4911
1568,Kwinu,Odolanów,699-103-3346
3535,Lazz,Huancheng,853-230-1741
9945,Jabbercube,Kuta,230-442-6938
3859,Thoughtstorm,Kon Dơng,119-562-3932
2258,Latz,Charata,548-102-2848
8406,Oloo,Santiago,584-502-0572
2743,Zoomdog,Parczew,274-140-7557
4466,Youspan,Bobai,937-394-2687
6343,Quatz,Al Ḩumaydāt,188-430-6357
8487,Yodo,Ḏânan,127-915-2083
8347,Tambee,Strömstad,378-632-0666
7517,Jaxbean,Rumelange,630-285-1609
3530,Oozz,Claremont,218-821-6299
1662,Lazzy,Ōkawara,733-290-6873
4168,Trunyx,Nanhai,374-786-8904
1587,Oyoloo,Lyntupy,681-991-1210
9680,Jayo,Putina,960-531-6763
1534,Jaxspan,Lille,337-215-2993
1231,Jabbersphere,Vagos,725-678-1817
8923,Jaxspan,Longhu,407-390-2608
8993,Fatz,San Antonio,617-567-7628
3536,Trilia,Lianshi,147-637-9611
6902,Einti,Monkayo,586-503-5593
8678,Dynazzy,New Orleans,504-143-5010
8569,Voolith,Kuta,289-642-8361
9808,Youspan,Jaguaribe,189-559-4413
4323,Gabcube,Ceibas,543-773-7472
6207,Oyondu,Rio Piracicaba,599-822-7252
4582,Geba,Shambu,555-915-6050
1046,Mymm,Mat-i,442-277-6526
4293,Trudoo,Gongchang Zhen,724-707-1615
4592,Layo,Zhitang,236-403-7837
7682,Quimba,Dashahe,271-233-1015
9013,Abata,Kan’onjichō,947-664-3897
6294,Flipstorm,Junín,239-961-0452
4229,Feedbug,Portsmouth,833-133-9754
6555,Devbug,Kassel,104-370-1145
2057,Tazz,Huangyang,130-477-6782
9704,Oyoloo,Wenhe,540-218-4214
7137,Realcube,Songhu,882-113-1888
9664,Jetwire,Carauari,156-329-1148
2372,Jetwire,Korolev,238-162-7274
6189,Quatz,Kampong Chhnang,731-150-5462
4902,Twinder,Şirrīn ash Shamālīyah,306-200-9137
3334,Jaloo,Chuqui Chuqui,393-337-9113
7184,Meezzy,Tagapul-an,287-683-5161
7456,Jabberstorm,Frankfort,502-318-4973
6478,Nlounge,Benešov,912-794-7713
7119,Midel,Markušica,936-930-9670
8657,Brightbean,Xijiadian,512-606-3016
6670,Tazz,Béboto,332-224-1954
7870,Avamba,Xiping,128-806-9372
7817,Wikizz,Selouane,842-171-6118
6509,Kare,Shreveport,318-321-3485
8000,Cogilith,Dallas,214-339-3688
5308,Voonix,Sierra Imataca,419-637-7348
8754,Realmix,Vellinge,191-436-3395
3698,Divanoodle,Liangbing,360-207-3343
3970,Babbleopia,San Antonio,375-858-6539
3731,Latz,Lawdar,352-604-3890
8751,Twiyo,Melekeok Village,634-480-2762
6584,Tavu,Parakanpanjang,551-967-9869
9195,Kwinu,Yetang,282-585-6123
5100,Meevee,Ḩurayḑah,461-645-4119
7876,Innotype,Nis’oni,817-130-0721
2366,Centizu,San Isidro,517-818-0006
2583,Skajo,Länsi-Turunmaa,461-898-2492
4871,Oyoba,Benchu,549-661-6600
1846,Twitterbeat,Bacong,528-712-7102
7008,Zoomcast,Meilin,719-970-5818
4711,Flipbug,Muleba,207-136-3779
3649,Ooba,Mokil,105-459-0449
7065,Topicstorm,Kogota,883-819-6632
2243,Jayo,Houzhen,113-415-5018
2468,Centimia,Paris 18,111-734-5302
6233,Shufflester,Kosmach,444-373-6815
7707,Gabcube,Beichan,532-178-2657
1245,Aivee,Qalandiyā,735-897-0865
7637,Trilith,Rio Claro,494-839-6457
9181,Geba,Ouricuri,656-460-0425
9730,Bubblebox,Naru,468-400-7936
6553,Kamba,Nam Som,676-448-0923
3954,Npath,Kakata,125-193-8811
3509,Skiptube,Longsheng,771-150-6506
8741,Roombo,Citeureup,219-674-7298
1192,Yakitri,Truskavets,190-379-0208
7705,Wordware,Marietta,770-547-6418
7259,Zoozzy,Kuliyapitiya,819-552-9450
8281,Zoozzy,Evinayong,828-883-1486
7750,Talane,Chaloem Phra Kiat,375-281-2142
4418,Voomm,Jangkungkusumo,918-297-8051
6623,Devshare,Jaguaribe,996-189-1417
2126,Brainsphere,Kumla,923-351-5959
1177,Flipstorm,Malabag,606-108-0530
2865,Dynava,Tiebiancheng,432-266-8022
8184,Oba,Shuinan,965-235-3381
6176,Skippad,Orléans,853-350-4694
7896,Meezzy,Cahabón,401-450-2873
9045,Ozu,Touama,755-669-9458
8171,Meejo,Anse Boileau,325-718-5437
1980,Kwinu,Sarykemer,844-274-9454
7483,Quinu,Arbuzynka,280-888-0660
6087,Linktype,Dolní Lhota,605-662-6861
1976,Skivee,Rybnoye,650-453-6448
6934,Flipbug,Zhuxi Chengguanzhen,120-292-1464
2853,Twitterworks,Qandala,407-999-9505
2480,Meemm,Balakasap,928-629-8146
3005,Tanoodle,Catujal Velho,126-914-0195
2043,Quinu,Thị Trấn Na Hang,878-786-1296
2544,Wikizz,Yuxi,804-438-8260
3114,Ozu,Alemanguan,889-947-7040
5246,Yadel,San José,801-594-7981
7160,Livetube,Beitan,490-302-8539
5489,Meeveo,Manalad,124-757-2837
8436,Ainyx,Wawa,369-236-2152
9702,Innotype,Pericik,817-867-0901
8490,Feedmix,Miranda,339-234-6231
8507,Wordtune,Diriomo,413-131-1922
8806,Wordtune,Xai-Xai,141-706-5295
7842,Yodel,Liushi,283-750-9301
7457,Jaxbean,Qiandian,733-301-2023
7239,Plambee,Lubień,936-931-5238
6303,Aimbo,Lafiagi,198-839-0519
3199,Einti,Campoverde,130-816-3283
6951,Twitterworks,Laocheng,544-366-9575
3221,Topicware,Miān Channūn,343-900-1835
1094,Lazz,Ljupina,254-391-3002
1950,Vimbo,Ponong,372-820-8068
4639,Photobug,Huanggang,665-974-1836
7603,Twiyo,Shanggu,425-123-2934
2724,Rhynoodle,Laguna de Perlas,730-448-3304
5269,Meemm,Tabu,815-802-3624
9150,Quimm,Benito Juarez,695-946-3507
5977,Yakijo,Renfrew,782-358-9254
6884,Voonix,Haymā’,324-633-7718
9513,Zoonder,Bhadrapur,463-769-7318
7314,Avamm,Resende,990-870-5035
7396,Meeveo,Mandikbatu,861-193-3365
3302,Browsezoom,Praia da Barra,248-622-5201
5958,Devbug,Kamiiso,246-878-0165
9752,Jaxnation,Philadelphia,215-991-6830
2771,Yakidoo,Meipu,479-556-2341
1251,Brainlounge,Senduro,881-905-6685
2805,Podcat,Mlimba,221-905-1071
2017,DabZ,Piastów,578-592-1492
4256,Oozz,Urdaneta,714-765-9312
9897,Yacero,Huimin,586-190-3289
5058,Livetube,Lleida,209-569-0622
1417,Devpulse,Lavezares,781-944-7031
5674,Dabjam,Marseille,682-163-2106
5715,Aimbo,Castelo,516-343-6428
1201,Realfire,Pancheng,224-299-9192
3907,Yacero,Örebro,395-389-9846
4506,Jaxworks,Culeng,310-188-8150
9905,Edgeblab,Itapaci,700-733-9723
2311,Gigabox,Kolomyya,475-952-5725
7281,Divavu,Mahdia,538-609-1106
3920,Skivee,Mlanggeng,310-383-4228
2158,Yodo,Aş Şaff,813-605-0965
8305,Centidel,Manjiang,601-592-0548
6540,Dabjam,Harnoli,816-494-6185
9663,Ailane,Río Grande,637-275-4732
9949,Topiclounge,Mergayu,471-368-4218
5200,Wordify,Nong Chik,646-358-0998
7537,Aimbu,Baizhong,236-897-8103
7731,Blogtags,Saint-Denis,129-944-1209
9505,Wikizz,Rancagadog,539-623-5445
7119,Dablist,Tangwang,414-216-4657
9751,Lazz,Thị Trấn Hùng Quốc,761-488-7109
5383,Wordify,Tucupita,458-422-4149
7860,Fanoodle,Candi Prambanan,812-453-3595
7539,Meevee,Markaz-e Woluswalī-ye Āchīn,708-455-0143
1850,Twitterbridge,La Paz,155-364-8386
8032,Rhybox,Nantes,725-974-9288
7718,Bubbletube,Yong’an,661-527-7190
5055,Wordware,Nongba,105-869-0286
5489,Realcube,Jindong,664-601-5799
5744,Voolith,Jardín,479-554-5751
1011,Bluejam,Abadiânia,870-235-4404
3524,Pixonyx,Jinji,955-128-5011
7043,Skiptube,Albi,413-645-9384
3577,Flipbug,Nueva Arica,712-950-7838
7088,Gevee,Daqian,389-655-3904
9131,Trupe,Adorjan,420-106-4021
4339,Fivespan,Waturoka,455-572-1071
7877,DabZ,Portland,971-118-1325
8787,Quatz,Jinotega,390-468-6656
4589,Jatri,Pariaman,541-112-7731
1857,Oyoba,Adelaide,590-894-8717
5926,Yamia,Apaga,405-930-1558
2535,Feedbug,Wutan,490-995-4532
1539,Mymm,Araci,128-418-9021
6817,Divavu,Huichang,511-404-2428
5349,Vimbo,Krasnyy Oktyabr’,177-783-6052
5354,Kanoodle,Agpangi,134-294-3337
5775,Meemm,Ondoy,358-639-2766
6134,Zooveo,Ladoeiro,257-745-8742
5543,Skiba,Tai Po,446-187-3744
8277,Edgetag,Cilangkap,206-866-8161
8778,Camido,Tervel,700-360-8999
8875,Ntags,Geji,597-595-4531
9619,Feedbug,Maojia,825-161-6565
7085,Topiczoom,Lyuban’,153-189-9257
7320,Twiyo,Soko,667-710-5183
2460,Edgetag,Ovidiopol’,105-685-7968
8633,Meejo,Monasterevin,414-449-7723
7003,Quatz,Valašská Bystřice,122-716-9394
8688,Meetz,Býšť,123-497-5534
6797,Realpoint,Guofu,779-920-6424
6778,Babblestorm,Weichanglu,544-755-0331
1871,Fivechat,Douz,760-389-3109
8976,Fivebridge,General Guido,631-886-4258
5952,Bluezoom,Erfurt,679-146-5465
2914,Viva,Musan-ŭp,655-123-8263
7387,Tagopia,Sainte-Marthe-sur-le-Lac,519-806-4998
3157,Yodoo,Tuymazy,673-593-7883
7866,Ooba,Damaying,425-237-7257
7270,Dynabox,Masaran,986-718-7156
2363,Skidoo,Bhadrapur,621-396-5033
6835,Jabbersphere,Sumberpandan,522-537-4305
8383,Agimba,Xiongbei,960-397-2372
5538,Skivee,Buenos Aires,149-256-6074
2976,Devcast,Belajen,773-561-4770
3089,Kanoodle,Dueñas,968-395-2400
2285,Vipe,Portarlington,244-864-2913
1073,Vimbo,Stepojevac,156-423-0239
6327,Realcube,Caeté,189-691-9778
4036,Twimm,San Jose,613-659-9809
7541,Chatterpoint,Dongtian,889-592-3429
4023,Skinix,Jaša Tomić,131-502-1793
7626,Voonte,Kyurdarmir,112-110-5903
8760,Tavu,Kembang,434-445-4056
7007,Abatz,Kalpáki,468-780-5520
2017,Einti,Ad Dujayl,431-719-6641
6403,Ainyx,Bucay,429-696-0342
5418,Eidel,Shikhazany,293-776-6335
5497,Jabbersphere,Pueblo Nuevo,231-650-7699
3017,Vinte,Gnosjö,925-967-0941
4690,Brainlounge,Buinsk,756-352-6009
1221,Gigabox,Shishi,924-618-2942
9307,Tagopia,Banjarsari,758-402-0704
4545,Voonder,Zhutian,570-613-0926
8842,Oyope,Charleston,304-318-5998
2510,Zoomlounge,Cañas,700-545-6151
9464,Latz,Caoping,502-564-4853
5923,Realbridge,Saladas,663-335-5903
9496,Rhyloo,Laoshawan,166-960-6915
5836,Mycat,Emiliano Zapata,286-557-2718
1238,Wikido,Paris 13,428-418-8310
2404,Jetwire,La Esperanza,242-776-8510
4162,Bubblemix,Qui Nhon,469-827-0276
1878,Roomm,Viļāni,163-517-9950
9444,Voolia,Kalix,265-766-4150
3453,Flashdog,Kittilä,543-215-5855
5039,Eazzy,Xiaogang,121-828-5741
9063,Eidel,Péruwelz,780-627-0643
7943,Tagchat,Saki,558-538-7571
5608,Skinder,Lérida,930-777-5778
7482,Flashpoint,Jatinagara,842-247-0104
1969,Innotype,Tobruk,525-760-3593
6994,Cogibox,Najiaying,742-514-7075
9693,Wikivu,Beaumont,409-146-2975
2798,Rhynyx,Sopron,107-687-0743
5280,Thoughtstorm,Jiangshan,279-907-9943
9567,Fadeo,Kandava,207-172-7159
2874,Skipfire,Marina,392-224-4567
3842,Kazu,København,813-423-9503
6219,Buzzdog,Bonriki Village,725-514-0996
7640,Snaptags,Mislīyah,880-887-7691
1694,Katz,Kavadarci,989-464-8707
8503,Plajo,Changlong,754-158-3211
2707,Aivee,Akropong,708-575-5823
5577,Twimbo,Anju,664-309-4446
9029,Kazio,Al Nashmah,523-447-2536
3928,Twimm,Kōfu-shi,776-853-3773
3128,Youopia,Pyrgetós,797-936-5053
1837,Feedmix,Replot,572-437-7716
5831,Skivee,Kuangshan,427-622-7113
7773,Quire,Putukrejo,818-691-8885
1474,Divavu,Lapa,258-206-0879
6367,Wordtune,Pinyug,449-359-9680
5346,Myworks,Taveiro,968-899-5436
9605,Bubbletube,Santiago de los Caballeros,450-186-9741
3278,Oba,Terangun,892-988-2264
9135,Wikizz,Maha Sarakham,940-139-1866
8986,Flashspan,Gaocheng,799-626-8037
2767,Wikizz,Salerno,100-818-9613
8442,Flashpoint,Simi Valley,805-450-3178
8605,Blogtag,Panguna,113-609-1026
6326,Skalith,Artemivs’k,452-709-1668
8155,Mita,Bal’shavik,570-681-7312
2731,Dazzlesphere,Princeville,303-963-3613
8597,Jatri,Hässelby,118-298-5458
7201,Skimia,Tibakisa,570-847-0583
6797,Cogidoo,Jelcz,634-249-4946
9571,Thoughtbeat,Ul,668-354-2171
6668,Fliptune,Corinto,755-710-9058
7263,Izio,Starobachaty,322-710-9524
8058,Fivespan,Ciheras,940-853-7929
2471,Tagcat,Kajok,324-686-5591
9204,Katz,Chetian,909-694-8857
3890,Jazzy,Yupiltepeque,750-381-9600
2275,Twitterbeat,Kidangbang,637-732-8707
3279,Avamm,San Jacinto,127-579-7234
1495,Dazzlesphere,Bairro do Margaça,890-247-7681
9475,Wikizz,Peteranec,103-435-4086
6840,Wikido,Jingtailu,777-298-9889
7350,Voonte,Pingqiao,313-554-0108
5364,Gabvine,Mengcheng Chengguanzhen,539-410-7875
2826,Eabox,Veruela,136-768-7182
8121,Skimia,San Jose Village,773-981-4013
4774,Jetpulse,Tomsk,202-131-2322
5045,Trilith,Lagasit,577-136-6224
7791,Linkbridge,Diriamba,518-211-6960
6956,Kwinu,Kubang,780-930-8117
3436,Shufflebeat,Nglorogan,962-700-7228
7088,Dynazzy,Cajicá,711-145-8765
3821,Riffwire,Marco,885-568-1111
3727,Youtags,Mizhhir’ya,757-357-0112
8802,Devpoint,Quận Phú Nhuận,466-322-5985
3778,Digitube,Vista Alegre,270-933-7251
8856,Riffpath,Brasília,652-181-0809
2021,Divanoodle,Washington,202-260-6633
9176,Twitterwire,Kaduna,310-955-1432
6335,Demimbu,Norrahammar,412-246-4615
3239,Flashdog,Oeleu,782-690-9140
9086,Babbleset,Matingain,869-150-6911
5033,Dabvine,Helsingborg,423-877-2635
6671,Viva,Santiaoshi,263-160-8235
9149,Mydo,Puerto San José,998-703-5476
9075,Tagtune,Nikolayevka,140-898-8979
5136,Twitterbridge,Lembur Tengah,625-485-0170
2248,Twitternation,Rayevskiy,782-953-3860
7288,Thoughtbeat,Bagneux,294-952-9678
6154,Edgetag,RMI Capitol,721-815-7778
7438,Yakijo,Blang Dalam,192-273-4685
2934,Kamba,Novogornyy,755-543-3839
3022,Feedbug,Książ Wielkopolski,156-871-1160
4536,Yodel,Västra Frölunda,863-407-4817
2453,Voomm,Masindi,712-939-8028
2509,Vipe,Kaduengang,409-162-3468
8062,Twinte,Sangtian,852-985-6013
2549,Mynte,Dayou,963-890-6565
3505,Twitternation,Maniowy,691-427-0669
6635,Thoughtmix,Núi Sập,234-731-9702
9170,Feedfire,Somba,221-227-2811
5441,Trilith,Kalepasan,746-904-3171
8260,Mycat,La Victoria,878-670-0831
2361,Kwideo,Marne-la-Vallée,706-258-3823
5819,Gabvine,Lecheng,882-941-9775
9151,Meemm,Forninho,149-112-1962
3642,Bluejam,Saint-Quentin-en-Yvelines,378-210-2397
5058,Zazio,Áno Kalentíni,971-283-9926
4743,Browsezoom,Mekkaw,620-818-2110
1944,Brainsphere,Tongbang,372-314-3151
9814,Skiba,Marly-le-Roi,827-222-0141
4211,Browsedrive,Ko Samui,153-947-4464
7457,Skipfire,Kure,665-922-5293
2435,Jetpulse,Hujirt,567-689-6911
2235,Mybuzz,Gweru,522-350-5934
7787,Browsetype,Gorbunki,594-993-8366
1894,Jaxspan,Shahe,620-325-1824
7664,Viva,Tolotangga,416-460-9214
4029,Devshare,Pueblo Nuevo,172-647-6244
2768,Babbleset,Dome,164-408-7370
9711,Dynazzy,La Guama,593-386-7284
7856,Avamm,Karlivka,413-868-5095
5039,Browsetype,Longtan,369-236-3045
6391,Abata,Emiliano Zapata,479-456-6188
3555,Quimba,Jintian,151-390-2838
5737,Yoveo,Mukdahan,546-788-5617
3005,Riffpath,Ludvika,191-311-9503
6122,Livefish,Pandan,741-234-8534
4144,Eadel,Lendan,838-424-3314
9750,Twinte,Krajan Sumurtawang,855-811-6512
7030,Feedbug,Sanchahe,239-408-2139
2639,Blognation,Jawf al Maqbābah,163-705-0356
3957,Browsetype,Ramada,938-929-1645
9975,Geba,Lokea,562-778-8751
9062,Meezzy,Wuli,530-553-2427
5448,Zoonoodle,Barrancas,487-842-4590
1873,Eabox,Pasrukrajan Satu,917-597-4082
1168,Minyx,Butuan,329-247-1140
7386,Izio,La Peña,467-381-2743
9294,Skyvu,Fengxizhai,726-719-6492
8763,Abatz,Tinawagan,742-598-8919
9494,Devpulse,Rentian,267-964-8472
1439,Quamba,Acacías,824-249-5063
3309,Photospace,Qilin,997-429-0693
8386,Edgetag,Kangxung,117-707-4881
9621,Realmix,Baiyinnuole,464-407-0754
9589,Katz,Kamennyye Potoki,369-904-7620
3837,Tagtune,Dassa-Zoumé,471-155-6881
3975,Oyonder,Shichuan,720-165-1460
4677,Zoomzone,Aveiras de Cima,630-673-7285
4638,Fanoodle,Klimovsk,851-269-8067
8860,Reallinks,Launceston,474-725-6470
5962,Fivespan,Piekoszów,496-145-0583
4527,Yodel,Andaray,447-860-3986
4288,Roomm,Maracaibo,832-986-9273
8177,Yacero,Tanuma,451-252-0375
7155,Wikivu,Kobiernice,831-318-9430
4386,Thoughtblab,Lameiras,633-807-7217
7103,Yodoo,Hats’avan,964-183-4627
3837,Skinder,Imperatriz,706-897-1519
3117,Aibox,Gununganyar,180-674-2551
2666,Layo,Cadagmayan Norte,625-894-1452
8894,Twitterbeat,Fayaoué,140-393-0762
9663,Yakidoo,Saipan,198-470-3958
3256,Skyndu,Xinan,458-921-3459
1221,Kanoodle,Kenitra,669-162-0402
4223,Skipstorm,El Mirador,460-205-9718
9478,Meejo,Pau,342-880-6314
1976,Kayveo,Īz̄eh,357-147-0109
6210,Kanoodle,Shirokaya Rechka,811-422-5171
5341,Riffpedia,Al Madān,339-771-8039
3435,Skimia,Salcedo,438-390-2634
8756,Voonix,La Curva,405-186-4537
9178,Gigazoom,Huatan,776-620-8609
9735,Tanoodle,Haruai,192-780-8005
4231,Eazzy,Nevesinje,547-284-0042
9477,Kare,Kambia,534-787-3680
1271,Yodoo,Oakville,280-650-8653
8147,Wordware,Madrid,313-311-1186
5206,Abatz,Jönköping,670-260-6936
2975,Jabberbean,Balzers,109-587-6842
1972,Yoveo,Hengfan,889-296-3838
2455,Quamba,Lingbei,595-759-6495
8421,Divanoodle,Yag La,920-424-1498
4360,Snaptags,San Pedro Masahuat,183-891-4286
2683,Mudo,Alupay,412-355-0323
4828,Trilith,Yaransk,621-627-1342
7222,Centimia,La Libertad,902-988-8369
9328,Tanoodle,Mbanza-Ngungu,658-991-3416
1191,Rhybox,Ōarai,810-403-8176
7881,Twinder,Patemon,687-971-4778
1934,Innojam,Maiac,188-291-9060
7533,Realbuzz,Pañgobilian,758-259-8202
3407,Oyonder,Aḑ Ḑil‘,963-729-6294
4943,Demimbu,Rawson,548-843-3583
7721,Browsedrive,Fagersta,912-720-6894
5468,Jayo,Berkovitsa,530-164-7182
6631,Yozio,Ahar,167-129-8081
9524,Realbridge,Kasoa,646-340-4466
7115,Flipstorm,Montfavet,812-672-9923
5047,Vimbo,Ichnya,628-990-5016
8850,Topdrive,Armenia,292-649-4186
5201,Mycat,Dūkštas,830-527-9860
8554,Devbug,Yangce,321-317-4446
6624,Kazu,Eyvān,340-325-1816
2033,Yodel,Vladikavkaz,620-797-1299
8416,Browsebug,Ballybofey,484-388-4803
1893,Flashspan,Pho Thale,568-584-7845
7402,Npath,Kidričevo,874-662-2600
7874,Browsedrive,Citalahab,923-881-8039
2436,Twitterwire,Dogonbadan,978-681-5433
5924,Youfeed,Belsk Duży,768-702-5392
6784,Flipopia,Ribeiro,328-321-9938
5772,Dynabox,Petersfield,588-953-5624
4725,Tanoodle,Moxi,687-977-6792
6446,Izio,Kąty Wrocławskie,872-562-0396
9167,Brainlounge,Mbaïki,711-225-0504
5849,Tagcat,Perpignan,927-437-4843
7194,Jaloo,Örebro,887-562-1762
2735,Skalith,Kosino,589-510-3242
1458,Agimba,Changtang,833-355-6337
2858,Oyoba,Íquira,848-901-5559
3578,Ailane,Facatativá,379-584-7513
5895,Yata,Esperança,938-949-9537
5969,Edgetag,Nguékhokh,862-710-0501
1776,Quinu,Santa Ana,869-366-9615
5239,Wordtune,Bagadó,892-484-9979
1934,Zoombox,Liuhe,249-552-2295
1958,Feedspan,Shuitian,214-858-0641
5817,Wikibox,Americana,122-610-6594
8453,Thoughtworks,Xinzheng,754-167-5901
6559,Kaymbo,Kuala Lumpur,105-248-4016
5257,Dynabox,Wufeng,134-490-2489
9949,Tazz,Pedra Azul,697-928-0708
6369,Eire,Buniaga,375-337-3755
4809,Geba,Dortmund,675-181-2994
1293,Tagtune,Ganyan,483-721-8363
4318,Pixoboo,Wanzu,570-473-5241
4799,Wordify,Želešice,456-979-9781
1606,Katz,Itanhaém,460-388-1337
6836,Blogpad,New Orleans,504-729-5061
9918,Gabspot,Pangawaren,545-393-6681
4038,Dabtype,Maringá,250-106-0902
8242,Abata,Sandachō,532-361-7011
4505,Photobug,Dongfeng,744-560-8657
5597,Wikizz,Padaan,381-393-2497
9403,Skyndu,Västanfjärd,695-728-7213
7288,Riffwire,Abades,316-798-8458
7990,Twitterwire,Tanabe,147-514-2339
9408,Roombo,São Mateus do Maranhão,779-196-0380
8122,Trupe,Netrakona,755-726-8811
6518,Voonyx,Maiwal,270-645-2324
4798,Realpoint,Qiashui,883-767-4906
4537,Twinder,Puerto Barrios,495-940-9561
5400,Quaxo,Humniska,392-623-7740
4976,Jetwire,Cocorná,613-728-6352
6203,Quire,Małkinia Górna,472-241-0821
3822,Demivee,Sukosari,527-749-3031
7086,Roomm,Shashūbay,412-583-2758
3582,Wikizz,Vievis,852-497-3019
2445,Thoughtsphere,Ialibu,153-508-5000
3303,Meejo,Kiukasen,631-630-6196
2820,Voomm,Tékane,885-848-3958
1407,Feedspan,Hekou,526-609-7828
4240,Thoughtbridge,Kurlovo,535-149-8446
2440,Thoughtbridge,Bancroft,785-220-6977
4605,Browsebug,Kuz’minskiye Otverzhki,650-326-3572
7190,Zoomdog,Sasolburg,144-327-0355
4428,Jaxnation,Wąsosz,160-938-6720
8020,Meezzy,Évreux,490-815-9491
2559,Gigabox,Wangsi,219-939-6501
1765,Agimba,Molochnoye,682-120-1105
6845,Gabtune,Orly,657-885-0160
6628,Wikivu,Dresden,389-404-0476
3691,Edgeclub,Chyšky,760-375-8680
2148,Photojam,Dodoma,421-864-2627
7264,Roodel,Butel,188-739-1554
7648,Oyope,Stockholm,997-810-8347
8151,Aivee,Wetzlar,441-685-9926
1481,Realbridge,Pangkalan,261-927-3461
7563,Zoovu,El Cardo,775-298-8280
8166,Realbuzz,Timahankrajan,532-347-8494
5297,Agimba,Barretos,766-149-4344
3395,Realcube,Saint-Lô,447-504-4118
1499,Myworks,Carleton Place,401-382-9277
6384,Youbridge,Tsiroanomandidy,744-136-9905
5588,Jazzy,Saint-Denis,748-865-0322
2439,Dablist,Coaraci,210-541-4035
7223,Vidoo,Buray,798-418-0115
6897,Rhyloo,Telsiai,917-292-2964
7514,Tambee,Qingshan,893-543-3160
8762,Aivee,Sandefjord,288-965-5064
5014,Yozio,Sedandang,383-364-4453
7583,Edgetag,Ash Shāmīyah,803-348-9916
7386,Meedoo,Paris La Défense,877-796-0498
3713,Brainverse,Qiganjidie,699-820-2473
7912,Realbridge,Illapel,908-167-7018
5090,Agivu,Fylí,799-196-3243
4752,Podcat,Angra do Heroísmo,551-393-6927
2354,InnoZ,Oslo,367-209-6022
3816,Tagtune,Klyuchi,677-484-4887
6367,Zoomlounge,Panyam,227-737-4203
2372,Zooxo,Anqing,836-305-9521
1769,Feedspan,Jiaotang,913-237-3794
9628,Oyoyo,Alpedrinha,557-221-4308
1480,Tagfeed,Drobin,255-662-6738
1180,Mydeo,Jianghai,991-433-6463
3268,Youspan,Sasebo,360-146-7946
5357,Vidoo,Barlinek,692-698-3293
5728,Gigaclub,Kramfors,986-446-4887
2944,Wordpedia,Bonneuil-sur-Marne,676-848-7486
3923,Kazio,Honkajoki,491-572-1040
8844,Yamia,Śmiłowo,757-917-6942
2864,Divavu,Hněvotín,872-771-9785
4933,Linkbuzz,Kashima,185-130-3601
2982,Quatz,Mingyue,686-538-5520
1015,Trunyx,Luoqiao,644-913-8138
8816,Tazzy,Stavanger,618-709-9576
7533,Youopia,Sainte-Agathe-des-Monts,147-670-2390
9186,Trudoo,Lanjaghbyur,617-316-2948
6742,Zoomcast,Gogosuket,280-615-6086
8389,Kwideo,Hultsfred,534-229-1227
4703,Realbridge,Motala,502-721-0543
4556,Kayveo,Pule,746-484-4439
2481,Myworks,Arroteia,240-460-1194
6791,Quatz,Carabamba,799-204-2124
7094,Avavee,Ténenkou,803-518-8994
3582,Brainlounge,Episkopí,154-320-8328
4383,Twitterworks,Rebe,805-634-4258
4632,Meedoo,Valencia,370-839-1143
8363,Tanoodle,Zafarwāl,871-800-6169
5013,Rhynyx,Rowokangkung,665-256-4537
7780,Mydo,Xinshi,508-388-3924
7855,Rhycero,Huanggang,775-576-6749
2401,Flashset,Verbivka,619-906-9726
7809,Dabjam,Rosice,780-966-4737
4606,Kanoodle,Bayasgalant,884-474-6575
1750,Browsezoom,Estância Velha,134-411-1635
6494,Blogtag,San José de Ocoa,802-971-1647
4995,Skinder,Pylaía,505-836-4873
8005,Roombo,Hacıhüseynli,329-863-2716
3720,Flipbug,Dzel,497-553-0302
2131,Avamm,Lloydminster,480-581-6159
5194,Flashset,Baranów,213-171-1595
9410,Kazu,Ivanishchi,333-375-2586
9970,Devshare,Majiadu,957-477-1712
2078,Realcube,Shalazhi,845-403-4313
1617,Wikido,Liuhuang,244-234-8541
5342,Youfeed,Ishii,596-920-3430
4151,Jabbertype,La Cruz,475-236-8453
8337,Fivespan,Shuangjiang,444-986-2524
4751,Katz,Kostrovo,595-843-2252
7906,Voonix,Ūdalah,846-138-0729
5445,Zooxo,Rafaï,225-527-1073
2151,Skimia,Vacoas,671-849-0870
4694,Yadel,Tiegai,651-601-6110
4309,Photospace,Grand Rapids,616-860-8512
3776,Fiveclub,Bettendorf,407-510-7456
5229,Vinte,Ibagué,474-680-8117
3076,Zooxo,Mehmand Chak,271-255-0540
9726,Yodel,Hubei,289-409-3857
1638,Photobean,Osieck,663-970-5986
4590,Oba,Pawłowiczki,768-511-1134
2369,Pixope,Sydney,270-329-3716
1116,Meemm,Dumaguil,579-385-0718
3625,Flipstorm,Minokamo,855-135-9350
5822,Photobug,San Vicente,133-867-2662
1251,Jaloo,Marugame,929-994-7084
5221,Browsebug,Zhonglong,833-933-1081
6961,Tagtune,Wan’an,855-641-6290
5534,Oyope,Pondokrejo Wetan,895-203-2433
